Po,Pk,Pa,Pc,La
-7.552,44.8616,3.7321,16.1697,26.5122
-7.4818,45.6834,4.5603,17.4978,26.0129
-7.4724,43.5913,3.7268,17.0448,26.7564
-7.4068,44.4949,4.0013,15.0735,27.1939
-6.6532,43.2616,4.1577,18.5825,26.2218
-6.9477,43.729,4.0279,14.976,27.4423
-6.8813,43.9582,3.8742,18.3466,25.9272
-6.5927,45.0957,4.1807,16.5571,26.0856
-6.3943,45.5714,3.6987,18.4131,24.9185
-6.1344,43.3457,3.6404,20.5319,25.0207
-6.3739,44.3182,3.4592,17.7731,25.5635
-6.0736,41.5376,4.1367,18.3714,26.8763
-5.3825,43.2584,3.6167,18.2671,25.5553
-5.2327,41.7039,3.3866,18.5221,25.9906
-5.8236,44.1695,3.8291,15.5477,26.421
-5.5337,43.5024,3.6011,16.0618,26.3174
-5.3774,43.4003,3.1222,19.9975,24.6205
-5.586,44.9356,4.1603,17.1687,25.5394
-5.6048,43.9733,3.7939,16.3482,26.1059
-5.2003,43.5802,3.9986,18.5012,25.4537
-5.6472,43.8849,4.2354,17.5791,25.9321
-5.0095,43.6917,3.8671,18.8132,25.1579
-5.7098,43.9391,3.9579,16.3887,26.2279
-4.3577,45.073,3.6524,17.706,24.5894
-4.9227,44.0193,4.3068,15.8807,26.2111
-4.3356,41.2855,3.8043,18.2101,26.1508
-4.4638,42.7318,3.4772,17.6306,25.5862
-4.0327,43.9487,3.3073,16.7582,25.1037
-4.2832,43.1803,3.271,19.1227,24.6866
-4.6308,42.2771,3.6012,17.9407,25.8099
-4.6108,43.8163,4.5294,16.7077,25.9884
-4.1289,43.3392,3.9158,16.8925,25.655
-4.7968,43.0189,3.8151,15.8314,26.427
-4.0429,44.0911,3.3794,17.8409,24.7046
-4.7382,43.756,3.9659,17.2748,25.6029
-4.9312,42.7632,3.8355,17.0469,26.1567
-4.9069,43.9726,4.1208,16.462,25.9329
-4.1083,42.5739,4.2685,16.221,26.4101
-4.9155,43.4231,3.9623,14.9181,26.6991
-4.1098,44.6728,3.9106,17.3249,24.912
-4.2257,42.0191,4.2345,16.3576,26.662
-4.2736,46.1786,3.971,19.283,23.7827
-4.9148,47.7875,3.5136,16.6901,23.9477
-4.0733,41.7659,3.8694,18.286,25.8257
-3.5886,39.6878,3.6321,18.3269,26.4519
-3.8945,43.3299,4.3932,18.0865,25.3875
-3.0863,44.8639,3.7006,19.8448,23.5704
-3.5238,44.4032,4.1094,16.7352,25.0858
-3.135,44.4145,4.033,15.601,25.2686
-3.1801,42.8958,3.4392,15.9106,25.5938
-3.0379,42.509,4.1529,14.7954,26.4445
-3.5746,42.9903,3.6349,18.4351,24.9157
-3.1479,43.2751,3.4798,19.1615,24.3148
-3.8782,44.1955,3.3558,17.6537,24.6498
-3.6468,44.7421,3.6797,19.5427,23.8953
-3.6672,42.0256,3.5617,18.0286,25.4783
-3.2608,45.1679,4.0003,13.8262,25.5776
-3.1051,42.5769,3.918,15.4476,26.097
-3.2008,42.8825,3.9878,15.835,25.8863
-3.4594,44.1791,3.5548,17.1556,24.7588
-3.8587,43.5715,3.8076,16.797,25.4232
-3.9239,42.4665,3.4762,17.746,25.4444
-3.372,43.471,4.0808,16.3682,25.545
-3.4284,42.2104,4.2112,13.9055,27.1373
-3.3851,45.9714,3.7314,14.3258,24.9909
-3.0148,41.5281,3.9824,20.4203,24.8352
-3.3042,41.938,3.62,18.2721,25.3123
-3.1186,42.6655,4.1728,17.4067,25.4874
-3.5079,44.1934,3.597,18.8779,24.2281
-3.86,44.1672,3.6489,17.7549,24.7627
-2.7052,47.86,4.0246,15.8014,23.6181
-2.9984,46.7274,3.9884,16.5373,23.9354
-2.2084,44.9358,3.4414,16.5562,24.1083
-2.1939,44.2988,3.9589,13.7161,25.5417
-2.6161,41.3538,3.6262,17.3181,25.6317
-2.7128,44.3808,3.2847,17.4549,24.1624
-2.6685,44.9959,3.9869,16.4823,24.527
-2.2834,42.5344,4.1658,19.1788,24.6285
-2.5108,41.218,3.9102,18.3764,25.4146
-2.0619,46.4699,4.103,15.8945,23.9291
-2.7909,40.144,3.7977,19.2604,25.6389
-2.1243,46.9214,3.4726,16.3988,23.362
-2.504,42.4612,3.6243,17.4737,25.0395
-2.7021,43.245,3.2977,15.6322,25.2731
-2.0153,40.3999,3.7316,17.9617,25.6266
-2.0845,42.4503,3.6163,18.4559,24.5434
-2.237,41.7328,3.6357,16.3998,25.635
-2.1706,42.5355,3.8967,16.9777,25.1694
-2.7636,41.662,3.8939,16.7036,25.9057
-2.7192,41.5321,3.4856,16.5795,25.7976
-2.3259,44.5788,4.2174,18.7648,23.9783
-2.2587,41.3568,3.8329,15.9273,26.0829
-2.2545,42.8071,3.6904,17.6244,24.7723
-2.4132,43.1859,3.7304,16.8925,24.9385
-2.2336,44.5191,3.5487,19.2984,23.4853
-2.8022,44.2789,3.8206,15.6789,25.0737
-2.3295,42.9621,3.5692,19.3606,24.1152
-2.6186,41.8826,3.8778,17.7403,25.3703
-2.0685,42.9911,3.9167,15.7683,25.3482
-2.6583,44.0067,3.7658,16.1724,24.9428
-2.0059,42.1438,4.0149,15.4537,25.8587
-2.7586,41.5483,3.8408,18.9823,25.129
-2.3746,42.821,3.9113,17.8983,24.83
-2.9998,43.4681,3.7909,18.1762,24.6548
-2.3411,44.9207,3.7791,18.0565,23.8531
-1.5184,41.0194,3.9718,18.1341,25.2026
-1.1424,42.2432,3.769,15.0784,25.4606
-1.467,40.9604,4.0978,15.7729,26.0917
-1.9125,47.0991,3.6795,17.5527,22.9799
-1.3748,43.8658,4.0452,17.5216,24.1908
-1.5369,43.8508,3.8763,17.9314,24.0559
-1.6504,42.5632,3.7269,16.2517,25.1102
-1.293,45.1325,3.897,18.3491,23.3597
-1.9209,38.7282,3.5,18.4538,26.0505
-1.5078,41.7933,3.4804,17.915,24.7004
-1.2767,44.7686,3.4,18.4475,23.2284
-1.954,43.2971,3.4404,18.1314,24.1665
-1.1378,41.6394,3.8243,15.8307,25.49
-1.6496,42.6194,3.7252,15.335,25.4023
-1.8834,41.7727,3.598,16.4701,25.4225
-1.5573,42.9705,3.4617,17.1847,24.4634
-1.8666,46.1408,3.6017,16.8068,23.5011
-1.7506,43.1271,4.105,17.5094,24.6709
-1.4709,43.8614,3.5086,17.6211,23.9505
-1.7092,43.8853,3.393,15.6013,24.6388
-1.5256,45.2468,3.7945,17.0801,23.7235
-1.6412,43.0239,4.0667,18.2423,24.4225
-1.0541,44.0055,3.8469,16.4831,24.2394
-1.6522,43.3405,3.9099,16.5703,24.7538
-1.2954,43.3171,4.2172,17.2042,24.5583
-1.11,43.3981,3.7123,17.168,24.2325
-1.2301,44.3049,3.5274,17.6379,23.6891
-1.199,44.988,4.1657,16.6218,23.9998
-1.405,41.6242,4.1064,17.2542,25.2529
-1.4445,44.5896,4.0839,17.9446,23.8242
-1.0562,42.9879,3.6595,18.1972,24.0292
-1.8747,43.4471,3.5536,18.7391,23.9397
-1.546,44.2503,3.5139,15.9845,24.3465
-1.2293,43.442,3.6882,16.9701,24.3134
-1.1052,40.5119,3.8466,16.2753,25.8403
-1.1466,43.5105,3.4381,18.5904,23.6319
-1.9312,43.3081,4.0617,17.4972,24.651
-1.2489,44.3659,3.3613,15.9597,24.1234
-1.5043,44.2587,3.9336,17.3597,24.082
-1.7523,42.751,3.7019,16.8144,24.8692
-1.1954,43.6638,3.4088,16.2029,24.3312
-1.0975,39.6032,3.6736,20.0602,24.8315
-1.226,43.798,3.83,17.7272,23.9986
-1.1527,44.051,3.7128,14.9191,24.7041
-1.2029,43.042,3.9098,15.9258,24.9075
-1.1497,42.4416,3.4764,19.6001,23.7546
-1.8394,39.8653,3.7363,18.2483,25.6915
-1.7348,41.9695,4.2647,16.9262,25.4245
-1.398,42.4931,3.6335,19.1854,24.036
-1.1482,45.057,3.7581,16.8028,23.7221
-1.3586,43.6386,3.8408,15.5619,24.8069
-1.4604,41.5836,3.6963,18.3395,24.7336
-0.4059,45.4176,3.373,19.654,22.3397
-0.5792,44.8228,3.7257,17.3786,23.4148
-0.018,43.8678,3.7015,15.8426,24.0189
-0.3312,44.094,3.5905,18.7112,23.1487
-0.6128,40.4541,3.6546,16.6538,25.4227
-0.3809,42.7071,3.9472,17.1965,24.3209
-0.1288,43.3701,3.9505,16.9254,24.0388
-0.8604,42.5808,3.5952,18.309,24.0491
-0.715,44.0943,3.7549,17.0122,23.8684
-0.6001,41.7794,4.1328,16.2947,25.175
-0.6238,43.5337,4.1487,15.3205,24.7553
-0.783,42.5757,3.4435,19.2646,23.6516
-0.6133,41.607,3.5905,16.8339,24.8275
-0.784,42.0879,3.9947,16.2553,25.0709
-0.6989,42.5784,4.2427,17.9317,24.4107
-0.379,42.1941,3.4661,17.6271,24.1687
-0.0689,42.3548,3.5358,17.8497,23.9439
-0.6043,40.9831,3.621,16.6838,25.1588
-0.5344,43.5783,3.17,16.0026,24.0622
-0.236,42.8222,3.3427,16.453,24.179
-0.1622,42.8015,3.9947,16.009,24.5868
-0.9612,42.6637,3.6856,17.0648,24.4945
-0.0225,41.6631,3.841,16.2787,24.8531
-0.112,41.6385,3.7821,15.9869,24.9731
-0.3422,40.9854,3.495,18.5714,24.3531
-0.5877,42.6678,4.0394,18.6834,24.0085
-0.493,43.4872,3.4077,16.3729,24.0675
-0.2067,43.6241,3.3864,18.3176,23.2956
-0.0264,44.6151,3.4736,16.3535,23.4768
-0.0479,43.7744,3.8888,18.4727,23.3707
-0.4482,44.0067,3.3931,17.2162,23.5755
-0.5053,42.1729,3.7389,16.516,24.7162
-0.1825,41.0992,4.26,14.1712,26.0802
-0.5319,41.8127,3.5285,20.8026,23.4275
-0.8612,42.1393,3.6083,17.6552,24.4428
-0.4784,44.1574,3.957,14.9545,24.4705
-0.279,43.1056,4.1721,16.8235,24.3341
-0.5789,42.5192,3.8357,19.2307,23.8005
-0.8334,43.3228,3.8185,17.909,23.9746
-0.9744,41.1522,3.7016,15.235,25.7986
-0.6857,42.9429,3.7159,15.7484,24.7086
-0.1903,44.1519,4.6763,16.3073,24.2473
-0.04,42.816,3.4419,17.6401,23.7724
-0.0094,40.1218,4.0096,17.4773,25.1892
-0.4141,43.4263,3.6193,15.2648,24.5097
-0.3349,43.4793,3.8745,17.4378,23.8882
-0.733,42.6441,3.3362,18.3908,23.824
-0.5623,43.4101,4.0184,18.8639,23.6493
-0.6597,43.3027,3.7813,19.756,23.3538
-0.6453,41.7524,3.7879,17.7731,24.5623
-0.4578,43.0092,3.644,19.4581,23.4073
-0.8209,42.5228,3.7112,16.4548,24.7072
-0.3935,41.699,3.6938,16.8864,24.7266
-0.5273,42.7183,4.1247,16.9959,24.5185
-0.1744,44.3006,3.5245,16.2468,23.7098
-0.517,43.9525,3.6637,16.9747,23.8182
-0.2795,42.4142,3.5074,16.6781,24.3647
-0.1306,43.2277,3.8755,17.0955,24.011
-0.7211,44.4304,4.1229,15.582,24.3301
-0.3468,44.6164,4.0185,17.1739,23.5948
-0.0614,43.9962,3.8675,16.0476,23.9927
-0.9594,42.4181,3.5802,18.325,24.1403
-0.2199,42.7609,3.4985,18.1738,23.726
-0.1246,43.7061,3.8689,20.1384,22.9506
-0.9539,43.6904,3.7224,15.6574,24.5372
-0.5095,40.9923,3.4117,18.1424,24.5185
-0.539,43.6754,3.5007,16.0774,24.1449
-0.767,41.9733,3.8499,19.3415,24.0588
-0.5052,41.3384,3.4701,16.2007,25.0594
-0.7784,40.7208,3.7473,18.579,24.7634
-0.9262,44.1692,3.6303,17.17,23.8163
-0.9936,43.6499,3.7515,17.684,23.9447
-0.0991,43.4281,3.7379,15.0704,24.4907
-0.1571,41.4685,3.3683,16.9679,24.5469
-0.6258,43.6837,3.805,18.4385,23.5914
-0.9059,44.3158,4.1543,17.507,23.8871
-0.3221,43.4662,3.7036,15.4746,24.4227
-0.6784,42.9794,3.6446,18.9291,23.6579
-0.2006,45.272,4.018,15.8407,23.6708
-0.6694,43.2573,3.6673,18.4552,23.7009
-0.0042,42.7533,3.8206,17.522,23.9942
-0.5466,41.1386,3.4073,19.0097,24.1869
-0.6696,41.4051,3.8634,19.0451,24.3457
-0.1028,42.552,4.1432,15.0266,25.0472
-0.8868,41.3898,3.9245,16.1956,25.4101
-0.58,42.4334,3.5417,17.8601,24.1138
-0.4186,44.4514,3.7871,16.7477,23.7086
-0.3824,44.1816,3.6048,16.5269,23.7866
-0.6908,42.3461,3.3574,18.7861,23.8108
-0.8567,45.295,3.695,16.69,23.5266
-0.0466,39.7793,3.5317,18.9576,24.6198
-0.9386,43.8492,4.083,16.917,24.2282
-0.2909,42.0423,3.3559,18.5043,23.8628
-0.2772,43.8063,3.4552,18.3138,23.2871
-0.4035,44.8171,3.7782,17.597,23.3124
-0.6872,44.0817,3.8347,16.2102,24.1428
-0.7216,42.2672,3.7411,20.6458,23.4842
-0.9962,44.5648,3.6294,16.5525,23.8761
-0.4332,43.6906,3.2891,17.8539,23.449
-0.0249,43.2537,3.704,17.9051,23.6382
-0.9776,43.0831,3.7414,17.5051,24.2151
-0.4223,41.9596,3.4448,16.2431,24.7303
-0.8117,41.8552,3.5456,16.4396,24.9179
-0.7979,46.3625,3.9771,18.5938,22.7098
-0.2841,41.0465,3.8021,15.4826,25.492
-0.0067,40.9108,3.375,17.2757,24.6172
-0.8075,43.5554,3.4778,17.6344,23.7986
-0.0413,43.6283,3.7935,15.2044,24.3639
-0.9922,43.338,3.321,17.7239,23.8537
-0.6984,41.5952,3.5383,17.8603,24.501
-0.8782,42.5516,3.4198,18.9442,23.7838
-0.907,45.5724,4.1085,16.002,23.8155
-0.5259,43.4162,3.2487,20.0375,22.9171
-0.07,40.5674,3.3279,18.7653,24.2662
-0.1098,41.4643,3.7047,17.4592,24.5242
-0.5111,44.5288,3.9984,13.7643,24.7228
-0.0069,41.5393,3.7081,17.9593,24.2926
0.0198,43.6029,4.103,14.6895,24.6378
0.6568,42.7619,3.6465,17.5601,23.6396
0.4048,43.5347,3.9158,15.0653,24.3119
0.2382,43.6237,3.381,15.5535,23.9687
0.2315,44.3911,3.199,16.6297,23.2617
0.2823,40.762,3.3971,18.1938,24.2649
0.9369,40.8589,3.5592,16.231,24.6724
0.428,41.7239,4.038,16.6904,24.5919
0.847,43.8255,3.6786,17.4004,23.2249
0.8331,42.997,3.2267,17.7583,23.2301
0.9027,41.9166,3.5334,18.4141,23.5589
0.5574,42.7347,3.7766,17.941,23.6354
0.519,42.2356,3.2967,17.2997,23.8185
0.8011,39.8565,3.8896,15.9618,25.4072
0.018,41.3492,3.4356,17.6727,24.3222
0.0188,44.7808,3.4638,16.5118,23.3452
0.5924,41.3687,3.6539,18.6139,23.89
0.0381,42.4687,3.1801,17.4169,23.8265
0.7532,42.8971,3.85,17.0681,23.7877
0.7725,41.2312,3.9487,17.2361,24.4384
0.3612,41.8499,3.7221,19.5147,23.5578
0.2748,40.8215,3.7219,19.0701,24.1248
0.815,43.1074,3.6613,20.5195,22.6216
0.643,42.5456,3.5464,15.7796,24.238
0.0308,43.5039,3.4564,18.828,23.1358
0.8989,43.1067,3.7828,19.58,22.9061
0.1334,43.2801,3.9649,15.4631,24.4251
0.2292,42.6229,3.5213,16.1331,24.253
0.2699,45.095,3.4521,16.328,23.181
0.3684,42.2277,4.0409,17.7329,24.0916
0.3422,41.5231,3.7616,18.8233,23.917
0.7437,39.6885,3.4766,17.523,24.7782
0.7372,42.0242,3.6859,16.5897,24.2146
0.1087,43.2101,3.64,17.312,23.7521
0.5498,40.9997,3.7395,14.7211,25.3774
0.1379,44.1258,3.4498,19.8774,22.5755
0.0477,44.0566,3.7096,15.3126,24.0842
0.009,43.6008,3.4849,19.0555,23.0563
0.5469,41.4293,4.2728,17.9181,24.3908
0.7814,43.2727,3.7968,18.2945,23.2539
0.133,44.4537,3.5902,18.3182,22.9597
0.1747,41.1648,3.9868,15.8655,25.1855
0.498,45.8991,3.8207,13.375,23.7984
0.677,43.897,3.03,19.0625,22.4892
0.835,42.1769,3.7674,17.7391,23.7975
0.9364,43.3087,3.7098,17.3852,23.4025
0.9626,43.7808,3.3223,18.7489,22.654
0.7632,42.9695,4.0244,14.1884,24.7164
0.8554,44.0835,4.3048,15.9109,23.8166
0.1961,42.1954,3.2942,17.6499,23.8512
0.994,42.6754,3.9357,17.2129,23.7735
0.0438,43.1193,3.5954,18.1771,23.5319
0.404,42.4466,3.7607,13.6191,25.1881
0.7578,46.2444,3.5239,18.859,21.9457
0.8965,41.4142,3.7084,16.3411,24.4875
0.2153,42.6853,3.5451,17.3716,23.854
0.9669,43.829,3.9039,19.8615,22.6102
0.2624,42.4443,3.5622,15.9056,24.4042
0.7191,41.284,4.0055,15.6276,24.9818
0.5092,43.1995,3.308,16.7829,23.6119
0.8019,43.9686,3.6699,16.557,23.4284
0.8266,43.0185,3.6282,16.6973,23.7245
0.3107,43.1716,3.7642,17.2235,23.7707
0.2924,40.4004,3.4391,16.4623,25.0161
0.2845,43.1074,3.8171,17.9207,23.623
0.2648,42.9925,3.2729,17.5453,23.5365
0.4656,41.3195,3.3215,16.7471,24.4008
0.4975,42.6143,3.8126,19.1739,23.3625
0.6143,42.5443,3.8806,17.7044,23.8046
0.3902,44.1129,3.6464,15.8393,23.7373
0.8458,43.1943,3.7634,17.8967,23.3569
0.021,43.2933,3.4077,16.6196,23.8629
0.3546,42.3671,4.2368,17.6098,24.1685
0.0097,42.4721,3.3448,18.0715,23.7078
0.9379,42.2368,4.1389,17.6928,23.9171
0.8532,45.6549,3.5751,18.7688,22.1564
0.5159,40.6039,3.7959,17.2689,24.7257
0.7986,41.1182,3.6088,16.1975,24.6558
0.9791,43.2946,3.6986,16.2674,23.7161
0.0651,43.4293,3.1081,18.5498,23.0661
0.1511,41.7861,3.0261,16.9076,24.1497
0.7793,43.5778,3.1724,19.3959,22.5389
0.9043,42.8369,3.9383,15.5538,24.2473
0.6469,44.06,3.8008,15.9372,23.6918
0.8421,43.4079,3.7747,16.1917,23.7818
0.3763,44.4891,3.6975,17.6525,23.0933
0.8326,44.138,3.8506,20.4625,22.3698
0.8662,44.298,3.9183,17.265,23.1863
0.3069,43.1925,3.7566,19.4863,23.1051
0.5563,43.6656,3.2609,17.4689,23.1874
0.5134,40.9441,3.1581,17.0627,24.3548
0.0588,42.5956,3.8512,17.8756,23.9384
0.2668,41.5349,3.6386,17.5484,24.2808
0.3361,41.208,3.4968,17.9758,24.1811
0.7364,42.3208,3.4014,14.7942,24.5536
0.3091,44.1954,3.4762,17.9708,23.0355
0.5066,45.2837,3.766,16.42,23.128
0.7344,43.377,3.8163,16.7794,23.6797
0.2349,39.5469,3.7835,14.994,26.1143
0.1577,43.0435,3.6201,18.7363,23.3643
0.9704,43.7216,3.5758,19.233,22.658
0.9024,44.3182,3.8427,14.5978,23.9047
0.8293,43.7752,3.7117,16.3853,23.56
0.5031,44.4699,4.2093,16.6366,23.5609
0.0016,42.0606,4.0526,15.0358,25.1752
0.848,41.597,3.0092,20.7711,22.7392
0.2526,42.9594,3.62,18.1851,23.5221
0.5157,44.7043,3.3445,19.5084,22.2934
0.493,41.2103,3.5717,17.2753,24.3766
0.9931,42.5009,3.7961,19.1946,23.204
0.6404,41.6005,3.6177,16.2275,24.5153
0.5588,44.316,3.4761,17.2333,23.1101
0.25,42.5325,3.1024,18.3648,23.3855
0.1686,42.6227,3.7958,17.1175,24.09
0.6894,40.7044,4.0659,17.3595,24.7063
0.164,42.2744,3.8953,17.2198,24.2452
0.3297,42.335,3.5067,16.5809,24.179
0.7169,40.9449,3.6376,19.2296,23.8097
0.179,42.1294,3.5809,15.2158,24.8088
0.0677,41.1656,3.4909,18.6745,24.0806
0.479,42.3947,3.2707,16.7992,23.9185
0.2954,40.977,3.2673,16.2414,24.7641
0.7326,44.8942,3.3337,17.1,22.8095
0.1972,44.5271,4.0013,16.944,23.4804
0.6696,42.1925,3.731,17.0381,24.0548
0.7636,43.4112,3.7362,13.9635,24.4897
0.8665,42.1424,3.5223,16.3552,24.1151
0.936,42.3551,3.8109,17.8768,23.6678
0.095,43.0904,4.2479,17.9131,23.903
0.1485,43.5474,3.4923,16.4607,23.7989
0.3025,41.7679,3.7018,15.5878,24.8374
0.5084,44.8193,3.2916,18.9464,22.3836
0.3348,43.4118,3.8682,15.1752,24.3375
0.3905,45.8441,3.5723,17.063,22.7066
0.2527,43.4179,3.3054,20.3651,22.5765
0.1513,43.2287,3.7304,14.5431,24.6374
0.6302,41.8222,3.6017,16.9503,24.1886
0.5752,43.7455,3.649,16.8883,23.4949
0.1945,44.4048,3.4943,16.0845,23.5622
0.3742,41.4214,3.9642,15.5401,25.085
0.6937,41.0564,3.5034,14.6908,25.1982
0.9968,41.129,4.0604,17.8716,24.2419
0.3853,43.6169,3.3282,16.9918,23.4445
0.3977,40.4795,3.65,17.2188,24.7767
0.1333,42.221,3.3221,16.7354,24.1724
0.7076,40.0614,3.5782,17.0083,24.8579
0.3687,42.1441,3.5319,16.5175,24.2723
0.822,42.9932,3.7492,17.7653,23.4733
0.5991,41.6503,3.7187,17.6317,24.1102
0.6844,42.6124,4.0066,17.779,23.7862
0.9313,39.7681,3.9255,17.645,24.8375
0.4325,42.6866,3.4264,18.1636,23.4723
0.1149,43.9398,3.1692,18.964,22.7701
0.9858,40.7778,3.5073,18.3834,23.965
0.1066,43.6067,3.7249,15.2119,24.2811
0.1025,42.722,3.6733,17.7883,23.8155
0.155,41.1187,3.7561,15.8331,25.1235
0.109,45.6653,3.8309,17.1538,22.9592
0.7684,41.5367,3.6209,19.0679,23.6026
0.5156,41.5173,3.4857,17.6793,24.0732
0.8248,42.2194,3.7005,15.4958,24.453
0.2898,42.3976,3.704,16.2255,24.3709
0.1506,44.0873,3.5541,18.6035,22.989
0.0856,42.8547,3.7543,17.2255,23.9788
0.6231,42.6928,3.4931,18.2018,23.4167
0.1682,43.6215,3.5032,20.3795,22.6299
0.0737,41.7612,3.5832,17.1818,24.3595
0.7991,41.3593,3.5214,17.2686,24.1681
0.7775,40.3744,3.419,16.6367,24.7465
0.2221,41.3759,3.8085,17.3718,24.5002
0.632,43.7571,3.6938,19.4141,22.7741
0.0585,42.4055,4.1419,15.6827,24.8279
0.9527,42.4543,3.7463,17.7775,23.6227
0.8718,42.3576,3.275,17.4454,23.5755
0.0837,44.1255,3.8533,17.2734,23.5167
0.7338,42.9852,3.5791,14.9715,24.2926
0.4277,42.6055,3.7277,16.6623,24.1027
0.6736,41.3316,3.1719,19.1743,23.4636
0.0556,40.1803,3.8211,16.4103,25.4117
0.2094,42.3392,3.6114,15.7583,24.5396
0.1802,42.3157,3.6409,15.821,24.554
0.0068,41.5904,3.6964,16.8195,24.6281
0.1372,42.9219,3.8748,16.6752,24.1543
0.4689,44.8227,3.998,16.2962,23.447
0.8671,39.3509,3.7034,18.4816,24.6577
0.746,41.0234,3.8709,17.5189,24.4094
0.2407,40.8131,3.3946,17.5402,24.4751
0.2179,42.0986,3.3551,16.9292,24.1398
0.4954,41.3876,3.8684,16.1966,24.7879
0.0594,43.2448,3.9213,17.7338,23.7599
0.3685,44.4452,3.4089,18.2201,22.8214
0.8478,42.254,3.9838,16.5622,24.2162
0.7959,43.0689,3.3654,18.2586,23.1338
0.4827,43.0076,3.5825,16.7128,23.8408
0.0511,42.6615,3.8029,16.3572,24.3626
0.2433,43.4953,3.939,16.7261,23.8968
0.7344,43.4828,3.4926,19.131,22.8167
0.0227,40.0105,3.3707,16.6935,25.192
0.7549,42.2212,3.2962,17.4134,23.6944
0.6754,41.0639,3.2865,17.8259,24.0484
0.8663,43.7566,3.602,15.8716,23.6591
0.0966,43.567,3.9693,18.4386,23.4414
0.5183,46.9789,3.8999,15.9535,22.6901
0.7537,42.7846,3.7183,15.1048,24.3816
0.7117,46.6064,3.9782,16.6102,22.612
0.4734,43.1935,3.4884,16.1012,23.9193
0.8476,39.6651,3.3954,17.1705,24.8246
0.8138,40.5636,3.7749,16.3159,24.9201
0.0847,41.9335,4.122,18.8123,24.0358
0.4831,40.7545,3.8666,16.3862,25.0004
0.5053,41.8341,3.7131,17.2567,24.1892
0.6754,41.6371,3.8906,18.3096,23.9579
0.45,41.5305,3.6977,15.3243,24.9624
0.7426,44.3285,3.5751,17.5421,22.9926
0.6727,43.0745,3.4138,18.6684,23.0814
0.6638,42.2215,3.5278,17.7574,23.7315
0.4362,43.3888,3.8492,15.9564,24.0556
0.8913,42.7958,3.8728,15.0899,24.3871
0.6382,43.6987,3.5312,18.0755,23.0907
0.1744,43.6069,3.3647,15.9477,23.8696
0.7116,42.9009,3.7937,16.4809,23.9548
0.1663,43.2752,3.5432,17.1761,23.7017
0.4445,43.9749,3.6788,16.9088,23.465
0.3388,43.7758,3.5327,16.4448,23.6572
0.2225,43.4578,3.4844,16.579,23.765
0.4414,43.581,3.5002,16.9759,23.5179
0.4822,42.7212,3.4949,16.124,24.1007
0.9853,42.5483,3.526,17.6279,23.5175
0.1017,42.4489,3.6294,17.3935,24.0246
0.0182,42.5065,3.5145,18.2753,23.7091
0.6489,40.4512,3.3593,15.5707,25.1131
0.94,41.842,3.928,18.1459,23.8391
0.7409,42.9071,3.6541,17.954,23.4384
0.3047,42.4899,3.5773,18.1765,23.6642
0.4496,42.0601,3.622,16.0007,24.4804
0.0095,44.4323,3.8029,16.2454,23.7066
0.0552,42.598,3.3561,15.9491,24.3225
0.6852,42.343,3.4754,16.6407,23.9978
0.7438,43.1006,3.6156,16.2588,23.8534
0.1894,42.696,3.6949,17.7071,23.8263
0.5853,45.3076,3.536,19.7191,22.1011
0.9647,41.7095,3.7483,17.5622,23.9736
0.1866,42.1023,3.4844,17.0505,24.1712
0.0806,44.2869,3.4202,18.3618,22.9483
0.2805,41.7888,3.202,16.6352,24.2669
0.6689,44.8457,3.676,18.5038,22.6151
0.7495,42.9031,3.222,16.7584,23.6014
0.0774,42.3412,3.8374,17.7503,24.0632
0.4768,40.1279,3.7017,17.8597,24.7029
0.2849,41.5355,3.5774,15.8424,24.8047
0.2534,40.4157,3.4486,18.0625,24.487
0.0706,43.157,3.6278,16.6858,23.9743
0.4767,43.4852,3.9539,17.1704,23.6847
0.9506,45.4893,3.6267,19.2991,22.0662
0.6221,42.4206,3.7438,17.6248,23.8106
0.6396,43.3267,3.8984,18.014,23.4141
0.6102,39.9594,3.5474,22.0841,23.3232
0.2641,40.1868,3.5985,18.9714,24.3536
0.2911,43.5526,3.5294,18.9691,23.0167
0.6001,41.7353,3.7933,16.7658,24.3816
0.2324,43.8657,3.4883,17.1905,23.4204
0.3239,42.3092,3.6611,18.4936,23.6706
0.8899,43.7319,3.5019,17.9782,22.9989
0.3449,41.9754,3.7255,16.9947,24.2858
0.1571,41.6768,3.1774,20.1712,23.2291
0.7316,47.848,3.4836,15.5061,22.2632
0.7608,42.2539,3.4934,14.8248,24.5992
0.4597,42.5292,3.6211,16.9331,23.9885
0.4498,39.83,3.588,17.0754,25.0518
0.0769,41.5185,3.3054,20.0279,23.4274
0.8218,44.4918,3.8742,18.8135,22.6928
0.632,39.6961,3.677,18.2798,24.667
0.0975,43.3088,3.5148,17.3103,23.6618
0.0447,41.6057,3.8641,14.521,25.4556
0.8089,43.4677,4.1614,17.8699,23.4563
0.7402,41.9897,3.6132,16.537,24.2117
0.8229,42.8311,3.5991,15.093,24.2878
0.0152,43.2209,3.4577,17.2463,23.7216
0.8425,39.8034,3.3683,19.7739,23.8994
0.3047,43.2838,3.4189,17.0686,23.6212
0.9894,45.4987,3.2545,18.8046,22.0066
0.1002,41.0907,3.8048,16.9406,24.8092
0.375,41.3998,4.0154,19.6445,23.8316
0.61,42.2525,3.4131,18.1132,23.5784
0.6158,41.9345,3.7818,15.827,24.5884
0.4577,42.0785,3.4136,17.9486,23.7562
0.1334,42.7278,3.6124,15.9707,24.3415
0.6445,42.7936,3.6501,17.6781,23.5986
0.5478,43.0865,3.7979,16.9467,23.8084
0.392,41.7388,3.3671,17.6029,24.0031
0.6326,43.6127,3.6197,16.0842,23.7515
0.5735,42.6571,3.8739,15.7143,24.3816
0.8022,41.2802,3.5966,16.0864,24.6175
0.5588,40.162,4.0851,16.7905,25.1883
0.8829,44.1596,3.994,17.0406,23.3268
0.4636,43.1235,3.5084,16.7856,23.7477
0.8355,42.7323,3.2234,18.8766,22.9945
0.3659,43.9023,3.4335,17.7505,23.1665
0.3427,41.3848,3.4241,17.5295,24.216
0.9911,45.0668,3.8599,18.5837,22.4858
0.9545,43.357,3.6068,17.2668,23.3659
0.7637,42.6942,3.4941,16.5875,23.8514
0.6163,43.9807,3.7338,19.354,22.7361
0.2451,43.0988,3.7773,17.7787,23.665
0.9418,42.7561,3.6456,17.0207,23.6909
0.4506,40.958,3.8623,15.8414,25.1076
0.5527,44.5823,3.671,17.0007,23.1659
0.7369,42.8014,3.6156,17.3361,23.646
0.3954,43.0161,3.9883,19.3775,23.2793
0.85,42.3729,3.6254,15.4954,24.3471
0.0374,42.6076,3.4339,18.381,23.5921
0.3091,44.0597,3.0185,17.7977,22.9257
0.0763,43.9648,3.6732,17.514,23.4299
0.861,41.6623,3.7708,17.8789,23.9477
0.2635,43.6943,3.5926,17.0243,23.5699
0.7139,40.8612,3.8029,16.4817,24.7941
0.2246,40.6719,3.4857,16.8233,24.8257
0.4108,44.3905,3.8133,16.5615,23.4793
0.9416,44.9656,3.9801,16.0185,23.2825
0.4413,44.1302,3.5238,16.9709,23.3213
0.0719,41.7055,4.0902,17.7865,24.4278
0.5603,47.2721,4.1649,15.6353,22.7577
0.6986,44.5675,3.626,18.9975,22.5464
0.2117,46.0991,3.4799,17.2468,22.5899
0.2954,43.7086,3.8837,18.2881,23.3169
0.8834,42.6295,3.3333,18.4337,23.197
0.697,41.5752,3.7722,17.4464,24.1829
0.0424,41.2143,3.6794,15.2525,25.2983
0.6131,43.5521,4.1034,17.3165,23.6301
0.5851,43.6066,3.4891,18.986,22.8658
0.327,44.2353,3.4411,18.4606,22.8589
0.8065,41.6506,3.4812,17.7512,23.8781
0.0397,44.4299,3.476,17.2895,23.2459
0.597,43.8897,3.9863,15.6316,23.9465
0.4497,44.4512,3.4414,17.067,23.1337
0.2915,43.1019,3.8391,16.314,24.1151
0.2528,44.152,3.9754,14.2595,24.3955
0.8868,43.086,3.5581,14.9981,24.1701
0.8355,43.4112,3.7782,18.1047,23.2274
0.5736,42.323,3.953,15.6429,24.5763
0.9377,43.9534,3.3906,16.6176,23.2434
0.9444,42.621,3.8578,18.319,23.4563
0.5898,41.9773,4.1487,16.9451,24.3906
0.4507,42.8608,3.2091,17.3089,23.5586
0.6943,44.3435,3.5143,16.9868,23.1367
0.2631,43.1114,3.9094,18.4626,23.5151
0.7429,41.7435,3.4342,17.1251,24.0422
0.2674,42.0693,3.9477,15.8755,24.736
0.6533,42.0817,3.8241,13.9542,25.1481
0.7549,42.348,3.9189,16.6145,24.172
0.4091,42.8512,3.4881,16.6237,23.9178
0.7065,42.9251,3.5891,14.4004,24.5185
0.3592,42.5251,3.7515,16.9286,24.0906
0.8898,41.6641,3.3762,17.8486,23.7598
0.9205,42.3172,3.6633,19.265,23.2148
0.9736,43.6393,3.4047,16.4927,23.3915
0.059,42.7306,3.7801,18.5007,23.6657
0.4041,43.5666,4.1772,16.9151,23.854
0.103,43.0378,3.7637,16.4624,24.1383
0.885,43.4664,3.9301,17.8065,23.3414
0.0816,44.8837,3.2461,18.1168,22.7221
0.2108,41.9373,3.7114,16.1891,24.6101
0.4321,42.6845,3.6199,17.2142,23.8509
0.8007,41.045,3.4389,16.6395,24.4627
0.4782,43.6569,4.2225,12.7071,25.0973
0.7455,41.8292,3.7783,15.4045,24.7134
0.2895,44.6754,4.1191,17.0208,23.4188
0.2644,43.4522,3.8718,15.3536,24.2957
0.9659,43.4268,3.3916,20.3575,22.3678
0.1142,42.7321,3.4713,16.5309,24.1061
0.5655,40.2553,4.3298,16.0751,25.4942
0.5786,41.2893,3.2958,17.5137,24.1028
0.7161,45.1144,3.4012,17.9077,22.5415
0.7716,43.22,4.021,14.39,24.5416
0.8507,41.2722,3.7352,17.9119,24.0795
0.4651,43.6791,3.7282,14.9515,24.1872
0.8836,43.1869,3.0724,17.5873,23.1203
0.7873,41.6083,3.3515,17.5548,23.9035
0.1074,43.1316,3.7882,15.636,24.3683
0.1636,43.7167,3.0818,17.1205,23.3417
0.3693,43.9603,3.8359,17.7652,23.3219
0.3049,39.8963,3.7238,18.3222,24.7308
0.6383,40.657,3.6088,16.8596,24.6993
0.2076,43.9468,3.41,18.1801,23.0734
0.4045,43.4175,4.0629,18.6491,23.366
0.1316,43.0431,3.602,14.3139,24.749
0.5703,41.4234,3.5171,17.3897,24.1956
0.5533,40.9109,4.0768,15.1261,25.4181
0.1993,44.187,3.4566,16.478,23.5095
0.526,42.0422,3.7981,15.5092,24.6918
0.6423,43.4323,3.4337,18.9322,22.8964
0.496,44.2237,4.1967,19.0851,22.9825
0.8082,42.6362,3.6114,18.7385,23.2658
0.3744,44.0392,3.2138,17.9799,22.9455
0.7715,42.5145,3.1215,17.3021,23.5285
0.2962,43.0524,3.6296,16.3972,24.016
0.6995,45.571,3.3373,16.4455,22.7641
0.5051,40.8844,3.8638,17.836,24.4627
0.4888,42.8405,3.6033,16.8389,23.8747
0.0092,40.0533,3.615,16.9728,25.1961
0.9269,41.8027,3.9155,16.9923,24.203
0.1203,41.6205,3.774,17.4231,24.4092
0.2496,44.3196,3.3976,16.0089,23.5556
0.0447,42.8396,3.9126,16.92,24.1662
0.2425,42.1112,3.2546,16.8333,24.1098
0.2519,42.3661,3.87,16.2076,24.4781
0.5515,44.9845,3.8393,15.834,23.4198
0.1996,41.7218,3.4078,16.9158,24.3294
0.3402,42.5839,4.0495,15.9564,24.5081
0.2329,41.536,3.3681,16.7321,24.4347
0.5775,42.2227,3.6679,17.3589,23.9523
0.7962,41.0082,3.5102,18.2112,24.006
0.8979,43.7282,3.483,16.7007,23.3594
0.6939,40.2925,3.7717,17.0637,24.8372
0.4123,44.5142,3.4243,16.7626,23.2056
0.0127,44.2278,3.7386,17.1047,23.5031
0.3168,41.8158,3.539,17.9054,23.9882
0.9915,40.6569,3.1859,18.9334,23.6799
0.6714,43.1574,3.7205,19.1378,23.0639
0.1678,43.4367,4.2603,15.723,24.3898
0.9206,41.4624,3.6927,17.8983,23.96
0.5773,44.0218,3.7795,17.1773,23.3628
0.6768,43.5145,3.3907,13.5923,24.472
0.831,41.6005,3.6165,17.928,23.8968
0.5351,42.52,3.5507,17.0099,23.9063
0.3507,42.0459,3.371,18.7099,23.5562
0.7019,43.184,3.6497,15.7267,24.0159
0.5823,44.7793,3.6958,16.0343,23.3688
0.0834,40.36,3.7737,17.08,25.0681
0.5008,40.9305,3.5854,18.4758,24.1095
0.943,42.8646,3.518,18.1017,23.2707
0.7324,43.031,3.524,17.1927,23.5612
0.7459,42.808,3.1787,18.951,22.9569
0.3845,41.5605,3.4719,17.1999,24.2563
0.3664,42.3921,3.4901,16.0964,24.2892
0.0936,44.0985,4.1771,18.003,23.4611
0.4198,43.4719,3.5559,17.9112,23.3158
0.3208,43.1886,3.5549,18.6372,23.2468
0.3026,43.1182,3.7771,16.0731,24.1518
0.3997,45.0224,3.3762,18.4855,22.5166
0.1402,43.3134,3.4131,18.5391,23.2294
0.6634,44.3769,3.3699,19.7165,22.3104
0.7197,41.6861,3.7042,15.8568,24.6048
0.7007,43.5065,3.9905,16.0671,23.9285
0.1017,43.822,4.1717,18.5738,23.4004
0.2236,42.5285,3.9548,15.428,24.7081
0.3378,43.9636,3.3639,18.9101,22.7895
0.5215,43.4863,3.8812,15.3742,24.1736
0.3835,43.4134,3.5369,16.7811,23.6803
0.1168,40.3528,3.9117,18.401,24.6859
0.9599,41.5546,3.4274,15.8716,24.4318
0.6301,40.9162,3.3265,16.1092,24.7177
0.5189,43.2599,3.9152,16.2252,24.02
0.2481,41.1875,3.3943,17.828,24.2238
0.6535,41.6732,3.612,17.2086,24.1621
0.4357,44.6796,3.654,19.1599,22.5698
0.3867,42.4521,3.3693,17.7784,23.6707
0.728,43.1871,3.9035,21.0517,22.6046
0.2802,43.7562,4.2221,17.4458,23.6966
0.757,40.5419,3.5347,17.8661,24.3316
0.1513,42.3229,3.4525,16.3974,24.2921
0.4118,43.6985,3.6175,17.4451,23.398
0.8918,42.6911,3.8349,15.5904,24.2572
0.6928,43.9235,4.105,16.1054,23.8048
0.8608,43.4466,3.5069,19.763,22.6161
0.8302,42.7901,3.3875,17.3377,23.5099
0.5682,42.9902,3.9735,16.8975,23.9304
0.5052,42.8193,3.5739,16.5717,23.946
0.2027,42.8379,3.789,18.2751,23.6402
0.8127,42.7236,3.5127,16.0906,23.983
0.3608,42.1696,3.8035,17.9621,23.938
0.9684,42.8848,3.7938,16.6444,23.8084
0.3099,41.3872,3.4865,18.4853,23.9537
0.3678,42.5425,3.4544,17.7791,23.6825
0.7763,41.0513,3.2902,16.0201,24.6113
0.527,45.1159,4.1213,19.5746,22.4977
0.3959,42.9551,3.6316,15.6516,24.2502
0.8886,42.0709,3.4431,16.9943,23.8978
0.7435,43.9261,3.3818,16.8123,23.267
0.2943,45.2363,3.7565,16.7203,23.1365
0.5838,40.8623,3.5019,17.6537,24.3259
0.1431,44.1793,4.2247,16.1987,23.9454
0.0318,43.1582,3.2712,18.274,23.3398
0.9567,41.4425,3.8,18.1821,23.9172
0.3452,45.357,3.3833,17.3899,22.7244
0.9824,43.8457,4.1111,19.9986,22.6625
0.4,43.4,3.3092,18.7356,22.9944
0.3172,44.9948,4.0719,15.3787,23.7326
0.3851,41.5523,3.5358,18.896,23.7563
0.6306,42.6903,3.7556,15.8885,24.2392
0.8699,43.7857,3.794,16.7927,23.4566
0.2982,43.1639,3.5934,15.7602,24.1545
0.3487,42.1976,4.0588,16.8816,24.3795
0.0163,42.882,3.5296,16.3379,24.1725
0.6196,43.6261,4.2916,13.9626,24.6744
0.7435,44.2825,3.5946,17.7895,22.9481
0.3899,37.962,3.9475,17.304,26.0084
0.2253,40.6783,3.8403,15.1682,25.5558
0.8159,41.5853,3.707,18.4237,23.8004
0.4639,42.397,3.5377,17.5956,23.7963
0.0478,41.2685,3.7662,15.7467,25.1389
0.0035,44.6772,3.8242,18.0213,23.1153
0.5484,46.0613,3.5428,15.4902,22.9958
0.5275,42.1864,3.4689,16.9648,24.0192
0.7009,39.948,3.4604,20.5312,23.7117
0.8753,43.6734,4.0021,15.0125,24.112
0.494,42.3388,3.6107,13.8076,25.0719
0.3166,41.6329,3.2239,16.2338,24.4607
0.0957,44.0522,3.5587,19.4717,22.7808
0.5998,42.5597,3.6646,17.3066,23.8253
0.7295,43.4657,3.2937,17.8287,23.1048
0.6522,41.8722,3.5146,16.6933,24.2018
0.6039,40.5254,4.5339,18.2615,24.7552
0.7863,42.3476,3.8671,16.8621,24.0605
0.3203,42.6894,3.6558,16.6677,24.0789
0.042,42.8332,3.536,16.1622,24.2409
0.5607,45.5903,3.9075,16.6569,22.9892
0.5357,40.3817,3.8684,18.1534,24.5576
0.1699,42.3975,3.6451,16.8916,24.1822
0.3779,43.0153,3.3083,18.0595,23.3446
0.2832,43.4154,3.7102,14.0224,24.6645
0.5114,42.7189,3.5058,17.5036,23.6658
0.1352,42.1232,4.0585,16.4407,24.6367
0.5234,44.5531,3.6949,17.4779,23.0632
0.4382,40.3366,4.0619,16.611,25.2148
0.8556,43.426,3.753,18.6525,23.049
0.2082,43.9964,3.7396,16.5858,23.67
0.4719,42.2987,3.546,18.3129,23.6168
0.4843,43.7702,4.0224,16.9323,23.6713
0.6663,40.9763,4.0978,13.94,25.7552
0.167,44.8608,3.7864,16.0595,23.528
0.1989,41.6813,3.7509,17.7449,24.2397
0.2563,43.3242,3.7842,16.4741,23.9676
0.3207,42.833,3.7215,18.5451,23.4858
0.5386,39.8644,3.8966,15.4449,25.7089
0.2998,44.203,3.7823,16.0696,23.7259
0.4593,43.3402,3.6602,17.9378,23.3905
0.8992,42.4497,3.3347,18.7534,23.1641
0.323,42.4063,3.8398,20.0228,23.2765
0.5738,43.8628,4.1733,16.4619,23.8012
0.2654,43.5337,3.5433,16.0515,23.9066
0.7384,42.0613,3.4253,18.9052,23.3689
0.9307,42.9271,3.413,18.6764,23.0363
0.3264,43.1401,4.1687,17.4116,23.9028
0.9292,41.3941,3.2523,17.923,23.7678
0.5812,41.796,3.4662,17.5796,23.9579
1.1118,43.2965,3.2103,18.0161,22.9301
1.5988,41.2443,3.4416,14.9636,24.5929
1.6063,41.7169,3.6848,17.011,23.8489
1.6018,43.3055,3.3433,18.2131,22.7483
1.0818,42.5122,3.5193,16.3809,23.8697
1.282,43.2882,3.3956,17.7694,23.0252
1.1534,42.9585,3.9883,17.8343,23.4469
1.6932,41.1504,3.7247,16.772,24.1294
1.7094,41.2913,3.5081,20.4736,22.8717
1.8358,45.0121,4.0077,18.9053,22.1915
1.4799,41.9884,3.7366,20.0397,22.9429
1.8877,40.887,4.0035,17.6608,24.008
1.2255,42.6019,3.9715,14.7176,24.4824
1.3151,44.8372,3.5556,19.2302,22.1436
1.5729,43.1521,3.1516,19.2131,22.443
1.6025,40.3376,3.3526,16.5568,24.4013
1.3365,44.0267,3.6321,16.5207,23.1941
1.4479,40.1049,3.191,18.6893,23.7911
1.9675,41.1592,3.5737,16.5844,24.002
1.9477,39.9777,3.8205,17.677,24.2559
1.5264,41.6972,3.7258,17.4633,23.7708
1.5219,42.4834,3.3763,16.3253,23.6572
1.8014,40.0465,3.6946,18.2168,24.062
1.0196,44.2764,3.6599,17.7309,22.8937
1.5973,41.282,4.1109,16.9427,24.2366
1.0917,42.6031,3.5359,17.0108,23.6446
1.6992,39.5884,3.5309,14.1616,25.5939
1.549,42.1836,3.9051,16.0063,24.0896
1.955,44.057,3.5999,19.1979,22.2106
1.0471,40.9438,3.5526,16.2241,24.5883
1.3533,42.3814,3.8099,15.5913,24.1793
1.1359,42.5566,3.8512,18.0897,23.4694
1.4442,43.7255,3.8824,17.7473,23.029
1.3927,43.0394,3.9252,16.9404,23.5501
1.7779,42.1054,3.9698,14.411,24.5461
1.0049,42.5811,3.5122,13.4024,24.8385
1.0263,41.3603,3.6912,18.757,23.6963
1.0306,42.5287,3.8911,17.3468,23.7563
1.8994,43.2367,3.6917,15.4662,23.6036
1.8368,42.4846,4.1234,16.041,23.9323
1.5418,42.4014,3.5372,17.4816,23.4034
1.699,42.8677,3.5203,19.088,22.7068
1.5894,43.3406,3.454,18.2271,22.7872
1.5247,42.8096,4.152,15.7215,24.0387
1.0299,40.6591,3.2659,17.3284,24.2178
1.3764,42.9081,3.6052,15.8301,23.7997
1.4889,41.8224,3.0216,19.3052,22.8568
1.243,42.3283,3.2478,18.7051,23.0512
1.1697,40.5204,3.8122,17.5763,24.392
1.0412,43.7635,3.475,19.9355,22.3802
1.4707,41.9389,3.419,18.5919,23.2228
1.0946,44.145,3.1846,17.234,22.8429
1.7718,43.6826,3.8283,17.9062,22.8539
1.3398,41.8837,3.1362,17.5956,23.4621
1.1217,44.1072,4.3303,16.556,23.5322
1.4617,39.8771,3.119,17.3792,24.269
1.4272,43.7584,2.873,18.9656,22.2221
1.674,42.4947,3.3159,16.9224,23.3834
1.0379,40.8501,3.3216,17.2682,24.1826
1.4204,44.4441,3.7852,15.964,23.2284
1.3337,39.3546,3.4439,16.2022,25.1017
1.5313,40.8928,4.2314,15.4187,24.9548
1.9097,45.4522,3.8927,13.5182,23.3887
1.2531,41.5837,3.6935,17.4779,23.9068
1.8546,42.4081,3.6735,18.5059,23.0471
1.6056,43.2981,3.6091,14.8754,23.8449
1.0089,42.0522,3.2207,17.108,23.7199
1.5801,40.4718,3.2326,17.2066,24.0873
1.0172,43.5422,3.7752,15.9104,23.7435
1.0407,42.2244,3.8848,17.3726,23.8602
1.9057,43.0037,3.7694,19.7916,22.5128
1.1111,42.4406,3.6578,16.3208,23.9651
1.0463,42.5972,3.8696,19.2932,23.1564
1.9841,43.5874,3.6133,16.9511,22.9768
1.709,43.6817,3.9074,17.0197,23.1557
1.9136,39.7898,3.6344,18.9273,23.8684
1.8643,41.7975,3.524,17.2477,23.5689
1.5515,42.7734,3.6254,15.5444,23.877
1.0742,41.9532,3.9279,19.1263,23.4589
1.4534,41.8371,3.779,16.7765,23.9776
1.0393,43.9919,3.6535,17.1068,23.1628
1.7235,41.9301,3.747,17.2958,23.6607
1.8471,42.6657,3.558,20.4777,22.366
1.5992,42.5731,3.8959,15.8875,23.9456
1.0573,44.1081,3.5151,16.1918,23.3174
1.7928,40.2542,3.3475,17.2589,24.122
1.5122,41.2532,3.6441,17.6292,23.8621
1.9812,43.3952,3.5711,16.7308,23.0927
1.8612,39.5897,3.6009,16.278,24.8075
1.8234,40.2803,3.5732,14.509,25.1178
1.041,42.8999,3.4707,18.8692,22.9772
1.0089,42.1399,3.5896,18.7197,23.3694
1.9435,42.43,3.7091,17.837,23.2102
1.3509,41.6382,3.7315,18.459,23.5698
1.0128,42.2706,3.761,14.7602,24.6143
1.0912,42.3834,3.6297,17.1463,23.731
1.0641,42.8304,3.681,17.7141,23.425
1.0786,41.9168,3.788,17.6012,23.8526
1.1196,43.6214,3.7179,18.3022,22.9611
1.4754,45.2321,3.6655,16.4067,22.7467
1.1692,43.6436,4.0375,16.2262,23.6609
1.3717,40.9145,3.3975,15.2628,24.7138
1.0956,45.7046,3.8811,17.7243,22.4601
1.0249,41.0096,3.6752,20.7781,23.2286
1.1855,40.4346,3.1833,22.6654,22.5767
1.5386,43.9521,3.0767,18.0925,22.4544
1.6036,42.9806,3.8319,15.3448,23.9191
1.8045,40.5719,3.2639,16.9798,24.0406
1.064,41.2417,3.9407,17.9123,24.1011
1.7825,42.9244,3.3792,16.319,23.3856
1.765,41.2818,3.8651,15.2737,24.5793
1.766,40.8681,3.4777,17.3431,23.9212
1.7711,42.9336,3.1265,17.5345,22.9151
1.9663,42.7247,3.9109,14.9136,24.032
1.9271,43.4308,3.3065,17.6941,22.7112
1.3788,41.8293,3.9266,18.5718,23.5457
1.6192,41.3285,3.4607,18.4673,23.4505
1.0423,40.8532,3.2472,18.1097,23.8733
1.8865,40.6532,3.9885,16.5457,24.4372
1.2303,42.1819,3.4587,17.4974,23.5697
1.9957,43.4392,3.8621,15.8685,23.4395
1.4308,43.9842,3.7356,18.2255,22.745
1.0385,41.7401,4.2044,17.3573,24.2017
1.5422,41.8018,3.5867,18.1407,23.4582
1.1206,41.2705,3.7078,17.7129,24.0189
1.768,42.0248,3.7917,16.3892,23.897
1.5572,43.5183,3.5221,18.866,22.5913
1.5738,41.5366,3.1584,16.9109,23.7269
1.6143,41.0826,3.434,17.1801,23.9301
1.5716,39.7656,3.8224,16.9123,24.7513
1.6686,42.0505,3.2986,16.252,23.7558
1.8273,43.2788,3.9693,18.3619,22.9182
1.3907,41.5048,3.787,16.8622,24.1133
1.9955,42.4708,3.7792,17.5098,23.2995
1.1248,41.5903,3.4247,18.6227,23.4816
2.0774,42.6764,3.6038,16.241,23.4811
2.2124,44.8343,3.7586,14.7131,23.1147
2.1606,41.1597,3.6651,15.8073,24.2035
2.0752,43.8543,3.6456,17.2891,22.7659
2.7986,42.4254,3.5343,17.2175,22.9754
2.8536,42.8406,3.8785,17.9248,22.7621
2.5736,41.3255,4.0624,15.8906,24.1021
2.8948,41.811,3.3319,22.1029,21.7449
2.9131,41.364,3.5974,15.0325,24.0105
2.0843,43.1125,4.0798,14.1056,24.1352
2.5641,42.0097,3.8578,16.0114,23.7141
2.7279,43.5362,3.3825,18.0166,22.3209
2.2063,44.7466,3.5312,17.8262,22.2127
2.6107,44.388,3.5511,17.0299,22.4064
2.1436,43.8324,3.8269,15.0659,23.4466
2.8752,43.5614,3.7352,17.0663,22.6655
2.6786,42.4315,3.3501,17.4293,22.8784
2.2993,44.2001,3.6739,16.761,22.7136
2.2582,42.4389,3.3264,18.2115,22.8044
3.2316,44.0572,3.8593,17.9643,22.1808
3.0778,43.7903,3.7197,19.0903,21.9819
3.3209,42.8081,3.7558,15.7016,23.147
3.0635,43.8975,3.4066,17.9827,22.0939
3.3355,41.6748,3.0641,18.8676,22.3583
3.3512,42.5734,3.7727,15.3514,23.3287
3.517,42.8822,3.913,17.5156,22.6164
3.9878,41.6863,3.5341,17.3316,22.7412
3.7085,41.4793,3.851,14.9858,23.7368
4.5484,41.748,3.6201,18.7606,22.1601
4.175,41.6411,3.2109,16.0529,22.9053
4.4717,41.2431,3.5136,16.9772,22.7956
4.4724,40.6423,3.5334,17.2171,22.9545
4.5428,42.1032,3.8261,16.2128,22.7977
4.7525,43.2807,3.6464,17.4492,21.9143
4.3947,41.2063,3.0283,19.8908,21.8258
4.7453,43.1755,3.5555,15.55,22.4047
4.1969,42.4609,3.5195,18.3325,22.1175
5.6798,44.4287,3.6703,16.3155,21.479
5.2177,41.3998,3.2722,18.844,21.8425
5.4958,42.0196,4.0007,16.6741,22.3955
5.2092,44.339,3.0752,18.8944,20.8187
5.4213,41.3132,3.3241,16.9188,22.3233
5.2581,43.9416,3.0847,16.9164,21.4096
5.3102,44.2088,3.3104,16.824,21.4202
5.346,42.5089,3.4555,18.2426,21.6658
