tech_filename,tech_timestamp_chargement,objectid_pf_pb,objectid_pt_pb,nb_fibres_connectees_hs,nb_fibres_connectees_utilisees,nb_fibres_connectees_libres,nb_fibres_non_connectees_hs,nb_fibres_non_connectees_utilisees,nb_fibres_non_connectees_libres
ipo_saturation_pb_20230530_1842.csv.gz,31/05/2023 06:36:48,9.16217E+18,9.16194E+18,0,0,0,0,0,0
ipo_saturation_pb_20230530_1842.csv.gz,31/05/2023 06:36:48,9.15309E+18,9.15308E+18,0,6,0,0,0,0
ipo_saturation_pb_20230530_1842.csv.gz,31/05/2023 06:36:48,9.13305E+18,9.13553E+18,0,6,0,0,0,6
ipo_saturation_pb_20230530_1842.csv.gz,31/05/2023 06:36:48,9.13741E+18,9.13741E+18,0,4,0,0,0,0
ipo_saturation_pb_20230530_1842.csv.gz,31/05/2023 06:36:48,9.16121E+18,9.16116E+18,0,0,0,0,0,1
ipo_saturation_pb_20230530_1842.csv.gz,31/05/2023 06:36:48,9.13978E+18,9.13978E+18,0,13,0,0,0,0
ipo_saturation_pb_20230530_1842.csv.gz,31/05/2023 06:36:48,9.15634E+18,9.15634E+18,0,6,0,0,0,0
ipo_saturation_pb_20230530_1842.csv.gz,31/05/2023 06:36:48,9.12732E+18,9.13122E+18,0,14,0,0,0,11
ipo_saturation_pb_20230530_1842.csv.gz,31/05/2023 06:36:48,9.14734E+18,9.14734E+18,0,6,0,0,0,0
ipo_saturation_pb_20230530_1842.csv.gz,31/05/2023 06:36:48,9.16532E+18,9.16532E+18,0,0,0,0,0,0
ipo_saturation_pb_20230530_1842.csv.gz,31/05/2023 06:36:48,9.16508E+18,9.16508E+18,0,0,0,0,0,0
ipo_saturation_pb_20230530_1842.csv.gz,31/05/2023 06:36:48,9.15551E+18,9.15551E+18,0,6,0,0,0,0
ipo_saturation_pb_20230530_1842.csv.gz,31/05/2023 06:36:48,9.13761E+18,9.13761E+18,0,0,0,0,0,0
ipo_saturation_pb_20230530_1842.csv.gz,31/05/2023 06:36:48,9.14576E+18,9.14576E+18,0,9,0,0,0,3
ipo_saturation_pb_20230530_1842.csv.gz,31/05/2023 06:36:48,9.14599E+18,9.14599E+18,0,1,0,0,0,0
ipo_saturation_pb_20230530_1842.csv.gz,31/05/2023 06:36:48,9.16522E+18,9.16521E+18,0,0,0,0,0,0
ipo_saturation_pb_20230530_1842.csv.gz,31/05/2023 06:36:48,9.13317E+18,9.13317E+18,0,6,0,0,0,18
ipo_saturation_pb_20230530_1842.csv.gz,31/05/2023 06:36:48,9.14659E+18,9.14631E+18,0,12,0,0,0,0
ipo_saturation_pb_20230530_1842.csv.gz,31/05/2023 06:36:48,9.15427E+18,9.15427E+18,0,0,0,0,2,4
ipo_saturation_pb_20230530_1842.csv.gz,31/05/2023 06:36:48,9.13755E+18,9.13977E+18,0,10,0,0,0,28
ipo_saturation_pb_20230530_1842.csv.gz,31/05/2023 06:36:48,9.1521E+18,9.1521E+18,0,6,0,0,0,0
ipo_saturation_pb_20230530_1842.csv.gz,31/05/2023 06:36:48,9.14447E+18,9.14447E+18,0,4,0,0,1,11
ipo_saturation_pb_20230530_1842.csv.gz,31/05/2023 06:36:48,9.13765E+18,9.13765E+18,0,3,0,0,1,8
ipo_saturation_pb_20230530_1842.csv.gz,31/05/2023 06:36:48,9.15915E+18,9.15915E+18,0,0,0,0,0,0
ipo_saturation_pb_20230530_1842.csv.gz,31/05/2023 06:36:48,9.14594E+18,,0,0,0,0,0,0
ipo_saturation_pb_20230530_1842.csv.gz,31/05/2023 06:36:48,9.15733E+18,9.15733E+18,0,6,0,0,0,0
ipo_saturation_pb_20230530_1842.csv.gz,31/05/2023 06:36:48,9.13171E+18,9.13171E+18,1,7,0,0,1,23
ipo_saturation_pb_20230530_1842.csv.gz,31/05/2023 06:36:48,9.15275E+18,9.15275E+18,0,6,0,0,0,0
ipo_saturation_pb_20230530_1842.csv.gz,31/05/2023 06:36:48,9.16044E+18,,0,0,0,0,0,0
ipo_saturation_pb_20230530_1842.csv.gz,31/05/2023 06:36:48,9.16207E+18,9.16207E+18,0,0,0,0,0,0
ipo_saturation_pb_20230530_1842.csv.gz,31/05/2023 06:36:48,9.13349E+18,9.13456E+18,0,22,0,0,0,22
ipo_saturation_pb_20230530_1842.csv.gz,31/05/2023 06:36:48,9.14993E+18,9.14993E+18,0,6,0,0,0,0
ipo_saturation_pb_20230530_1842.csv.gz,31/05/2023 06:36:48,9.15712E+18,9.15435E+18,0,0,0,0,0,0
ipo_saturation_pb_20230530_1842.csv.gz,31/05/2023 06:36:48,9.13676E+18,9.13633E+18,0,6,0,0,0,0
ipo_saturation_pb_20230530_1842.csv.gz,31/05/2023 06:36:48,9.16589E+18,9.16587E+18,0,0,0,0,0,0
ipo_saturation_pb_20230530_1842.csv.gz,31/05/2023 06:36:48,9.16477E+18,9.16477E+18,0,0,0,0,0,0
ipo_saturation_pb_20230530_1842.csv.gz,31/05/2023 06:36:48,9.14087E+18,9.14087E+18,0,6,0,0,0,0
ipo_saturation_pb_20230530_1842.csv.gz,31/05/2023 06:36:48,9.15591E+18,9.15591E+18,0,6,0,0,0,0
ipo_saturation_pb_20230530_1842.csv.gz,31/05/2023 06:36:48,9.15699E+18,9.15699E+18,0,5,0,0,0,0
ipo_saturation_pb_20230530_1842.csv.gz,31/05/2023 06:36:48,9.15978E+18,9.15978E+18,0,0,0,0,0,0
ipo_saturation_pb_20230530_1842.csv.gz,31/05/2023 06:36:48,9.13541E+18,9.13541E+18,0,6,0,0,1,17
ipo_saturation_pb_20230530_1842.csv.gz,31/05/2023 06:36:48,9.15421E+18,9.15421E+18,0,0,0,1,3,2
ipo_saturation_pb_20230530_1842.csv.gz,31/05/2023 06:36:48,9.15597E+18,,0,0,0,0,0,0
ipo_saturation_pb_20230530_1842.csv.gz,31/05/2023 06:36:48,9.13414E+18,9.13414E+18,0,7,0,0,0,1
ipo_saturation_pb_20230530_1842.csv.gz,31/05/2023 06:36:48,9.16159E+18,9.16159E+18,0,0,0,0,1,5
ipo_saturation_pb_20230530_1842.csv.gz,31/05/2023 06:36:48,9.15534E+18,9.15534E+18,1,5,0,0,0,0
ipo_saturation_pb_20230530_1842.csv.gz,31/05/2023 06:36:48,9.15999E+18,9.15999E+18,0,0,0,0,0,0
ipo_saturation_pb_20230530_1842.csv.gz,31/05/2023 06:36:48,9.16148E+18,9.16148E+18,0,0,0,0,0,0
ipo_saturation_pb_20230530_1842.csv.gz,31/05/2023 06:36:48,9.15669E+18,9.15586E+18,2,4,0,0,0,0
ipo_saturation_pb_20230530_1842.csv.gz,31/05/2023 06:36:48,9.13866E+18,9.13866E+18,0,5,0,0,1,17
ipo_saturation_pb_20230530_1842.csv.gz,31/05/2023 06:36:48,9.15121E+18,9.15121E+18,0,6,0,0,0,0
ipo_saturation_pb_20230530_1842.csv.gz,31/05/2023 06:36:48,9.15741E+18,9.15751E+18,0,64,0,0,0,0
ipo_saturation_pb_20230530_1842.csv.gz,31/05/2023 06:36:48,9.16036E+18,9.16036E+18,0,0,0,0,0,1
ipo_saturation_pb_20230530_1842.csv.gz,31/05/2023 06:36:48,9.13189E+18,9.13189E+18,0,7,0,0,1,20
ipo_saturation_pb_20230530_1842.csv.gz,31/05/2023 06:36:48,9.15531E+18,9.15531E+18,0,6,0,0,0,0
ipo_saturation_pb_20230530_1842.csv.gz,31/05/2023 06:36:48,9.14683E+18,9.14683E+18,0,6,0,0,0,0
ipo_saturation_pb_20230530_1842.csv.gz,31/05/2023 06:36:48,9.14122E+18,9.14122E+18,0,12,0,0,0,0
ipo_saturation_pb_20230530_1842.csv.gz,31/05/2023 06:36:48,9.1471E+18,9.1471E+18,0,11,0,0,0,0
ipo_saturation_pb_20230530_1842.csv.gz,31/05/2023 06:36:48,9.15384E+18,9.15831E+18,0,29,0,0,0,0
ipo_saturation_pb_20230530_1842.csv.gz,31/05/2023 06:36:48,9.1457E+18,9.1457E+18,0,0,0,0,4,2
ipo_saturation_pb_20230530_1842.csv.gz,31/05/2023 06:36:48,9.15465E+18,9.15465E+18,0,0,0,0,1,5
ipo_saturation_pb_20230530_1842.csv.gz,31/05/2023 06:36:48,9.13808E+18,9.13802E+18,1,11,0,0,0,0
ipo_saturation_pb_20230530_1842.csv.gz,31/05/2023 06:36:48,9.14274E+18,9.14274E+18,0,6,0,0,0,0
ipo_saturation_pb_20230530_1842.csv.gz,31/05/2023 06:36:48,9.1558E+18,9.162E+18,0,0,0,0,2,1
ipo_saturation_pb_20230530_1842.csv.gz,31/05/2023 06:36:48,9.15973E+18,9.15973E+18,0,0,0,0,0,0
ipo_saturation_pb_20230530_1842.csv.gz,31/05/2023 06:36:48,9.14021E+18,9.14021E+18,0,6,0,0,0,0
ipo_saturation_pb_20230530_1842.csv.gz,31/05/2023 06:36:48,9.15668E+18,9.15537E+18,0,5,0,0,0,0
ipo_saturation_pb_20230530_1842.csv.gz,31/05/2023 06:36:48,9.14916E+18,9.14916E+18,0,6,0,0,0,0
ipo_saturation_pb_20230530_1842.csv.gz,31/05/2023 06:36:48,9.15636E+18,9.15635E+18,0,0,0,0,11,7
ipo_saturation_pb_20230530_1842.csv.gz,31/05/2023 06:36:48,9.14271E+18,9.14334E+18,0,8,0,0,0,24
ipo_saturation_pb_20230530_1842.csv.gz,31/05/2023 06:36:48,9.15289E+18,9.15101E+18,0,6,0,0,3,3
ipo_saturation_pb_20230530_1842.csv.gz,31/05/2023 06:36:48,9.14798E+18,9.14798E+18,0,6,0,0,0,0
ipo_saturation_pb_20230530_1842.csv.gz,31/05/2023 06:36:48,9.1554E+18,9.1554E+18,0,6,0,0,0,0
ipo_saturation_pb_20230530_1842.csv.gz,31/05/2023 06:36:48,9.1413E+18,9.1413E+18,3,9,0,0,0,0
ipo_saturation_pb_20230530_1842.csv.gz,31/05/2023 06:36:48,9.1411E+18,9.1411E+18,0,12,0,0,0,0
ipo_saturation_pb_20230530_1842.csv.gz,31/05/2023 06:36:48,9.15001E+18,9.15001E+18,0,12,0,0,0,0
ipo_saturation_pb_20230530_1842.csv.gz,31/05/2023 06:36:48,9.15549E+18,9.15549E+18,0,5,0,0,0,7
ipo_saturation_pb_20230530_1842.csv.gz,31/05/2023 06:36:48,9.15415E+18,9.15415E+18,0,0,0,0,1,5
ipo_saturation_pb_20230530_1842.csv.gz,31/05/2023 06:36:48,9.15319E+18,9.15611E+18,0,3,0,0,0,0
ipo_saturation_pb_20230530_1842.csv.gz,31/05/2023 06:36:48,9.14449E+18,9.14449E+18,0,7,0,0,0,0
ipo_saturation_pb_20230530_1842.csv.gz,31/05/2023 06:36:48,9.16024E+18,9.16024E+18,0,0,0,0,0,0
ipo_saturation_pb_20230530_1842.csv.gz,31/05/2023 06:36:48,8.10213E+18,8.10174E+18,1,4,0,0,0,0
ipo_saturation_pb_20230530_1842.csv.gz,31/05/2023 06:36:48,9.1602E+18,9.16135E+18,0,169,0,0,0,0
ipo_saturation_pb_20230530_1842.csv.gz,31/05/2023 06:36:48,9.1565E+18,9.1565E+18,0,0,0,0,3,3
ipo_saturation_pb_20230530_1842.csv.gz,31/05/2023 06:36:48,9.14944E+18,9.14943E+18,0,6,0,0,0,0
ipo_saturation_pb_20230530_1842.csv.gz,31/05/2023 06:36:48,9.15269E+18,9.15269E+18,0,0,0,0,4,2
ipo_saturation_pb_20230530_1842.csv.gz,31/05/2023 06:36:48,9.14552E+18,9.14552E+18,0,0,0,0,6,0
ipo_saturation_pb_20230530_1842.csv.gz,31/05/2023 06:36:48,9.12621E+18,9.12621E+18,0,5,0,0,2,13
ipo_saturation_pb_20230530_1842.csv.gz,31/05/2023 06:36:48,9.13983E+18,9.13983E+18,0,6,0,0,0,0
ipo_saturation_pb_20230530_1842.csv.gz,31/05/2023 06:36:48,9.15663E+18,9.15663E+18,0,0,0,0,0,0
ipo_saturation_pb_20230530_1842.csv.gz,31/05/2023 06:36:48,9.15821E+18,9.15821E+18,0,0,0,0,0,0
ipo_saturation_pb_20230530_1842.csv.gz,31/05/2023 06:36:48,9.15573E+18,9.15573E+18,0,0,0,0,0,0
ipo_saturation_pb_20230530_1842.csv.gz,31/05/2023 06:36:48,9.1491E+18,9.1491E+18,0,7,0,0,0,5
ipo_saturation_pb_20230530_1842.csv.gz,31/05/2023 06:36:48,9.1663E+18,9.1663E+18,0,0,0,0,0,0
ipo_saturation_pb_20230530_1842.csv.gz,31/05/2023 06:36:48,9.16438E+18,,0,0,0,0,0,0
ipo_saturation_pb_20230530_1842.csv.gz,31/05/2023 06:36:48,9.15886E+18,9.15886E+18,0,0,0,0,0,0
ipo_saturation_pb_20230530_1842.csv.gz,31/05/2023 06:36:48,9.15852E+18,9.16302E+18,0,115,0,0,0,115
ipo_saturation_pb_20230530_1842.csv.gz,31/05/2023 06:36:48,9.14291E+18,,0,0,0,0,0,0
ipo_saturation_pb_20230530_1842.csv.gz,31/05/2023 06:36:48,9.15815E+18,9.15815E+18,0,6,0,0,0,0
ipo_saturation_pb_20230530_1842.csv.gz,31/05/2023 06:36:48,9.14797E+18,9.14793E+18,0,0,0,0,17,7
ipo_saturation_pb_20230530_1842.csv.gz,31/05/2023 06:36:48,9.15557E+18,9.15557E+18,0,0,0,0,5,1
ipo_saturation_pb_20230530_1842.csv.gz,31/05/2023 06:36:48,9.14746E+18,9.14746E+18,0,12,0,0,0,0
ipo_saturation_pb_20230530_1842.csv.gz,31/05/2023 06:36:48,9.13664E+18,9.14627E+18,0,2,0,0,0,0
ipo_saturation_pb_20230530_1842.csv.gz,31/05/2023 06:36:48,9.16647E+18,9.16632E+18,0,0,0,0,0,0
ipo_saturation_pb_20230530_1842.csv.gz,31/05/2023 06:36:48,9.15976E+18,9.15976E+18,0,0,0,0,0,0
ipo_saturation_pb_20230530_1842.csv.gz,31/05/2023 06:36:48,9.16667E+18,9.16667E+18,0,0,0,0,0,0
ipo_saturation_pb_20230530_1842.csv.gz,31/05/2023 06:36:48,9.15581E+18,9.15623E+18,0,3,0,0,0,0
ipo_saturation_pb_20230530_1842.csv.gz,31/05/2023 06:36:48,9.15751E+18,9.15749E+18,0,5,0,0,0,0
ipo_saturation_pb_20230530_1842.csv.gz,31/05/2023 06:36:48,9.15435E+18,9.15435E+18,0,0,0,0,0,0
ipo_saturation_pb_20230530_1842.csv.gz,31/05/2023 06:36:48,9.1275E+18,9.12749E+18,0,8,0,0,4,20
ipo_saturation_pb_20230530_1842.csv.gz,31/05/2023 06:36:48,9.15975E+18,9.15975E+18,0,1,0,0,0,0
ipo_saturation_pb_20230530_1842.csv.gz,31/05/2023 06:36:48,9.14503E+18,9.14503E+18,0,6,0,0,0,0
ipo_saturation_pb_20230530_1842.csv.gz,31/05/2023 06:36:48,9.15306E+18,9.15306E+18,0,6,0,0,2,4
ipo_saturation_pb_20230530_1842.csv.gz,31/05/2023 06:36:48,9.15327E+18,9.15327E+18,0,6,0,0,0,0
ipo_saturation_pb_20230530_1842.csv.gz,31/05/2023 06:36:48,9.13958E+18,9.13958E+18,0,12,0,0,0,0
ipo_saturation_pb_20230530_1842.csv.gz,31/05/2023 06:36:48,9.15621E+18,9.15621E+18,0,0,0,0,0,0
ipo_saturation_pb_20230530_1842.csv.gz,31/05/2023 06:36:48,8.08214E+18,8.04215E+18,0,4,0,0,0,8
ipo_saturation_pb_20230530_1842.csv.gz,31/05/2023 06:36:48,9.16221E+18,9.1622E+18,0,0,0,0,0,0
ipo_saturation_pb_20230530_1842.csv.gz,31/05/2023 06:36:48,9.15434E+18,9.15434E+18,0,6,0,0,0,0
ipo_saturation_pb_20230530_1842.csv.gz,31/05/2023 06:36:48,9.157E+18,9.157E+18,2,10,0,0,0,0
ipo_saturation_pb_20230530_1842.csv.gz,31/05/2023 06:36:48,9.15935E+18,9.15935E+18,0,12,0,0,0,0
ipo_saturation_pb_20230530_1842.csv.gz,31/05/2023 06:36:48,9.13571E+18,9.14627E+18,0,7,0,0,0,0
ipo_saturation_pb_20230530_1842.csv.gz,31/05/2023 06:36:48,9.15963E+18,9.15647E+18,0,0,0,0,0,0
ipo_saturation_pb_20230530_1842.csv.gz,31/05/2023 06:36:48,9.14468E+18,9.14468E+18,0,0,0,0,4,2
ipo_saturation_pb_20230530_1842.csv.gz,31/05/2023 06:36:48,9.1403E+18,9.1403E+18,0,6,0,0,0,0
ipo_saturation_pb_20230530_1842.csv.gz,31/05/2023 06:36:48,9.15879E+18,,0,0,0,0,0,0
ipo_saturation_pb_20230530_1842.csv.gz,31/05/2023 06:36:48,9.14496E+18,9.14492E+18,0,12,0,0,0,0
ipo_saturation_pb_20230530_1842.csv.gz,31/05/2023 06:36:48,9.15576E+18,9.15574E+18,0,0,0,1,7,4
ipo_saturation_pb_20230530_1842.csv.gz,31/05/2023 06:36:48,9.14405E+18,9.14405E+18,0,6,0,0,0,0
ipo_saturation_pb_20230530_1842.csv.gz,31/05/2023 06:36:48,9.15146E+18,9.15146E+18,0,0,0,0,0,0
ipo_saturation_pb_20230530_1842.csv.gz,31/05/2023 06:36:48,9.15554E+18,9.15571E+18,0,3,0,0,0,0
ipo_saturation_pb_20230530_1842.csv.gz,31/05/2023 06:36:48,9.14638E+18,9.14638E+18,0,6,0,0,0,0
ipo_saturation_pb_20230530_1842.csv.gz,31/05/2023 06:36:48,9.14811E+18,9.14679E+18,0,6,0,0,0,0
ipo_saturation_pb_20230530_1842.csv.gz,31/05/2023 06:36:48,9.1633E+18,9.1633E+18,0,0,0,0,0,0
ipo_saturation_pb_20230530_1842.csv.gz,31/05/2023 06:36:48,9.1603E+18,9.1603E+18,0,0,0,0,0,0
ipo_saturation_pb_20230530_1842.csv.gz,31/05/2023 06:36:48,9.16533E+18,9.16532E+18,0,0,0,0,0,0
ipo_saturation_pb_20230530_1842.csv.gz,31/05/2023 06:36:48,9.16665E+18,9.16559E+18,0,0,0,0,0,0
ipo_saturation_pb_20230530_1842.csv.gz,31/05/2023 06:36:48,9.16423E+18,9.16423E+18,0,0,0,0,0,0
ipo_saturation_pb_20230530_1842.csv.gz,31/05/2023 06:36:48,9.14493E+18,9.14493E+18,0,6,0,0,0,0
ipo_saturation_pb_20230530_1842.csv.gz,31/05/2023 06:36:48,9.15555E+18,9.15508E+18,0,6,0,0,0,0
ipo_saturation_pb_20230530_1842.csv.gz,31/05/2023 06:36:48,9.15596E+18,9.15596E+18,0,0,0,0,0,0
ipo_saturation_pb_20230530_1842.csv.gz,31/05/2023 06:36:48,9.16043E+18,9.16043E+18,0,0,0,0,0,0
ipo_saturation_pb_20230530_1842.csv.gz,31/05/2023 06:36:48,9.14805E+18,9.14805E+18,0,0,0,0,9,2
ipo_saturation_pb_20230530_1842.csv.gz,31/05/2023 06:36:48,9.1636E+18,9.1636E+18,0,0,0,0,0,0
ipo_saturation_pb_20230530_1842.csv.gz,31/05/2023 06:36:48,9.1425E+18,9.14219E+18,0,3,0,0,0,9
ipo_saturation_pb_20230530_1842.csv.gz,31/05/2023 06:36:48,9.14641E+18,9.14641E+18,0,6,0,0,0,0
ipo_saturation_pb_20230530_1842.csv.gz,31/05/2023 06:36:48,9.15618E+18,,0,0,0,0,0,0
ipo_saturation_pb_20230530_1842.csv.gz,31/05/2023 06:36:48,9.16586E+18,9.16586E+18,0,0,0,0,0,1
ipo_saturation_pb_20230530_1842.csv.gz,31/05/2023 06:36:48,9.15813E+18,9.15813E+18,0,0,0,0,0,0
ipo_saturation_pb_20230530_1842.csv.gz,31/05/2023 06:36:48,9.12845E+18,9.12845E+18,0,6,0,0,1,17
ipo_saturation_pb_20230530_1842.csv.gz,31/05/2023 06:36:48,9.157E+18,9.157E+18,0,6,0,0,0,0
ipo_saturation_pb_20230530_1842.csv.gz,31/05/2023 06:36:48,9.14261E+18,9.14259E+18,0,6,0,0,0,0
ipo_saturation_pb_20230530_1842.csv.gz,31/05/2023 06:36:48,9.13803E+18,9.13802E+18,0,7,0,0,4,17
ipo_saturation_pb_20230530_1842.csv.gz,31/05/2023 06:36:48,9.15119E+18,9.15119E+18,0,6,0,0,0,0
ipo_saturation_pb_20230530_1842.csv.gz,31/05/2023 06:36:48,9.144E+18,9.14399E+18,0,12,0,0,0,0
ipo_saturation_pb_20230530_1842.csv.gz,31/05/2023 06:36:48,9.15869E+18,9.15869E+18,0,0,0,1,2,2
ipo_saturation_pb_20230530_1842.csv.gz,31/05/2023 06:36:48,9.15589E+18,9.15589E+18,0,0,0,0,0,3
ipo_saturation_pb_20230530_1842.csv.gz,31/05/2023 06:36:48,9.14618E+18,9.14617E+18,1,10,0,0,0,0
ipo_saturation_pb_20230530_1842.csv.gz,31/05/2023 06:36:48,9.16291E+18,9.1629E+18,0,0,0,0,0,0
ipo_saturation_pb_20230530_1842.csv.gz,31/05/2023 06:36:48,9.15299E+18,9.15297E+18,0,8,0,0,0,4
ipo_saturation_pb_20230530_1842.csv.gz,31/05/2023 06:36:48,9.15553E+18,9.15552E+18,0,0,0,0,0,0
ipo_saturation_pb_20230530_1842.csv.gz,31/05/2023 06:36:48,9.16032E+18,9.16032E+18,0,0,0,0,0,0
ipo_saturation_pb_20230530_1842.csv.gz,31/05/2023 06:36:48,9.14903E+18,9.14903E+18,0,0,0,0,0,0
ipo_saturation_pb_20230530_1842.csv.gz,31/05/2023 06:36:48,9.1497E+18,9.1497E+18,0,6,0,0,0,0
ipo_saturation_pb_20230530_1842.csv.gz,31/05/2023 06:36:48,9.15161E+18,9.15161E+18,0,6,0,0,0,0
ipo_saturation_pb_20230530_1842.csv.gz,31/05/2023 06:36:48,9.15649E+18,9.15649E+18,0,0,0,0,0,0
ipo_saturation_pb_20230530_1842.csv.gz,31/05/2023 06:36:48,9.1608E+18,9.1608E+18,0,0,0,0,0,0
ipo_saturation_pb_20230530_1842.csv.gz,31/05/2023 06:36:48,9.15471E+18,9.15469E+18,0,6,0,0,0,0
ipo_saturation_pb_20230530_1842.csv.gz,31/05/2023 06:36:48,9.14471E+18,9.14471E+18,1,11,0,0,0,0
ipo_saturation_pb_20230530_1842.csv.gz,31/05/2023 06:36:48,9.14532E+18,9.14532E+18,0,12,0,0,0,0
ipo_saturation_pb_20230530_1842.csv.gz,31/05/2023 06:36:48,9.1559E+18,9.1559E+18,0,0,0,0,5,1
ipo_saturation_pb_20230530_1842.csv.gz,31/05/2023 06:36:48,9.14788E+18,9.14788E+18,0,6,0,0,0,18
ipo_saturation_pb_20230530_1842.csv.gz,31/05/2023 06:36:48,9.16025E+18,9.16025E+18,0,0,0,0,0,0
ipo_saturation_pb_20230530_1842.csv.gz,31/05/2023 06:36:48,9.15139E+18,9.15139E+18,0,6,0,0,0,0
ipo_saturation_pb_20230530_1842.csv.gz,31/05/2023 06:36:48,9.15629E+18,9.15628E+18,0,0,0,0,6,0
ipo_saturation_pb_20230530_1842.csv.gz,31/05/2023 06:36:48,9.14897E+18,9.14897E+18,0,0,0,0,4,2
ipo_saturation_pb_20230530_1842.csv.gz,31/05/2023 06:36:48,9.15425E+18,9.15424E+18,1,5,0,0,0,6
ipo_saturation_pb_20230530_1842.csv.gz,31/05/2023 06:36:48,9.1565E+18,9.1565E+18,0,0,0,0,2,4
ipo_saturation_pb_20230530_1842.csv.gz,31/05/2023 06:36:48,9.15289E+18,9.15288E+18,0,6,0,0,0,0
ipo_saturation_pb_20230530_1842.csv.gz,31/05/2023 06:36:48,9.14913E+18,9.14913E+18,0,0,0,0,5,1
ipo_saturation_pb_20230530_1842.csv.gz,31/05/2023 06:36:48,9.15176E+18,9.15176E+18,0,0,0,0,0,0
ipo_saturation_pb_20230530_1842.csv.gz,31/05/2023 06:36:48,9.16638E+18,9.16638E+18,0,0,0,0,0,0
ipo_saturation_pb_20230530_1842.csv.gz,31/05/2023 06:36:48,9.14304E+18,9.15864E+18,0,1,0,0,0,0
ipo_saturation_pb_20230530_1842.csv.gz,31/05/2023 06:36:48,9.15556E+18,9.15556E+18,0,6,0,0,0,0
ipo_saturation_pb_20230530_1842.csv.gz,31/05/2023 06:36:48,9.16654E+18,9.16654E+18,0,0,0,0,0,0
ipo_saturation_pb_20230530_1842.csv.gz,31/05/2023 06:36:48,9.15915E+18,9.15915E+18,0,5,0,0,0,0
ipo_saturation_pb_20230530_1842.csv.gz,31/05/2023 06:36:48,9.1568E+18,9.1568E+18,0,0,0,0,4,14
ipo_saturation_pb_20230530_1842.csv.gz,31/05/2023 06:36:48,9.14577E+18,9.14577E+18,0,0,0,0,9,3
ipo_saturation_pb_20230530_1842.csv.gz,31/05/2023 06:36:48,9.13244E+18,9.13244E+18,0,8,0,0,1,23
ipo_saturation_pb_20230530_1842.csv.gz,31/05/2023 06:36:48,9.16394E+18,9.16394E+18,0,6,0,0,0,0
ipo_saturation_pb_20230530_1842.csv.gz,31/05/2023 06:36:48,9.14341E+18,9.14341E+18,0,5,0,0,2,13
ipo_saturation_pb_20230530_1842.csv.gz,31/05/2023 06:36:48,9.15626E+18,9.15626E+18,0,6,0,0,0,0
ipo_saturation_pb_20230530_1842.csv.gz,31/05/2023 06:36:48,9.13106E+18,9.13105E+18,0,4,0,0,0,12
ipo_saturation_pb_20230530_1842.csv.gz,31/05/2023 06:36:48,9.15591E+18,9.15591E+18,0,0,0,0,0,0
ipo_saturation_pb_20230530_1842.csv.gz,31/05/2023 06:36:48,9.14238E+18,9.14237E+18,0,12,0,0,0,0
ipo_saturation_pb_20230530_1842.csv.gz,31/05/2023 06:36:48,9.15647E+18,9.15647E+18,0,0,0,0,0,6
ipo_saturation_pb_20230530_1842.csv.gz,31/05/2023 06:36:48,9.14351E+18,9.14351E+18,0,6,0,0,0,0
ipo_saturation_pb_20230530_1842.csv.gz,31/05/2023 06:36:48,9.13093E+18,9.13219E+18,0,4,0,0,0,4
ipo_saturation_pb_20230530_1842.csv.gz,31/05/2023 06:36:48,9.16395E+18,9.16395E+18,0,0,0,0,3,3
ipo_saturation_pb_20230530_1842.csv.gz,31/05/2023 06:36:48,9.15554E+18,,0,0,0,0,0,0
ipo_saturation_pb_20230530_1842.csv.gz,31/05/2023 06:36:48,9.13492E+18,9.13588E+18,0,5,0,0,2,13
ipo_saturation_pb_20230530_1842.csv.gz,31/05/2023 06:36:48,9.15705E+18,9.15705E+18,0,6,0,0,0,0
ipo_saturation_pb_20230530_1842.csv.gz,31/05/2023 06:36:48,9.12762E+18,9.12762E+18,0,6,0,0,3,15
ipo_saturation_pb_20230530_1842.csv.gz,31/05/2023 06:36:48,9.15297E+18,9.15297E+18,0,11,0,0,0,0
ipo_saturation_pb_20230530_1842.csv.gz,31/05/2023 06:36:48,8.11266E+18,8.11264E+18,0,12,0,0,0,0
ipo_saturation_pb_20230530_1842.csv.gz,31/05/2023 06:36:48,9.14073E+18,9.14073E+18,0,0,0,0,14,4
ipo_saturation_pb_20230530_1842.csv.gz,31/05/2023 06:36:48,9.15043E+18,9.15042E+18,0,0,0,0,7,29
ipo_saturation_pb_20230530_1842.csv.gz,31/05/2023 06:36:48,9.14574E+18,9.14574E+18,0,6,0,0,0,0
ipo_saturation_pb_20230530_1842.csv.gz,31/05/2023 06:36:48,9.15538E+18,9.15538E+18,0,6,0,0,0,0
ipo_saturation_pb_20230530_1842.csv.gz,31/05/2023 06:36:48,9.15589E+18,9.15589E+18,0,6,0,0,0,0
ipo_saturation_pb_20230530_1842.csv.gz,31/05/2023 06:36:48,9.15332E+18,9.15319E+18,0,0,0,0,0,0
ipo_saturation_pb_20230530_1842.csv.gz,31/05/2023 06:36:48,9.15339E+18,9.15339E+18,0,0,0,0,4,2
ipo_saturation_pb_20230530_1842.csv.gz,31/05/2023 06:36:48,9.13936E+18,9.13936E+18,0,8,0,0,1,23
ipo_saturation_pb_20230530_1842.csv.gz,31/05/2023 06:36:48,9.15984E+18,9.15984E+18,0,6,0,0,0,0
ipo_saturation_pb_20230530_1842.csv.gz,31/05/2023 06:36:48,9.14352E+18,9.14351E+18,0,10,0,0,0,0
ipo_saturation_pb_20230530_1842.csv.gz,31/05/2023 06:36:48,9.15852E+18,9.15863E+18,0,2,0,0,0,0
ipo_saturation_pb_20230530_1842.csv.gz,31/05/2023 06:36:48,8.02196E+18,8.01026E+18,0,11,0,0,0,1
ipo_saturation_pb_20230530_1842.csv.gz,31/05/2023 06:36:48,9.14556E+18,9.14556E+18,0,0,0,0,0,0
ipo_saturation_pb_20230530_1842.csv.gz,31/05/2023 06:36:48,9.12635E+18,9.12633E+18,0,7,0,0,1,20
ipo_saturation_pb_20230530_1842.csv.gz,31/05/2023 06:36:48,9.15647E+18,9.15647E+18,0,0,0,0,0,0
ipo_saturation_pb_20230530_1842.csv.gz,31/05/2023 06:36:48,9.16237E+18,9.16237E+18,0,0,0,0,0,0
ipo_saturation_pb_20230530_1842.csv.gz,31/05/2023 06:36:48,9.15561E+18,9.15559E+18,0,0,0,0,0,0
ipo_saturation_pb_20230530_1842.csv.gz,31/05/2023 06:36:48,9.14671E+18,9.15048E+18,0,3,0,0,0,0
ipo_saturation_pb_20230530_1842.csv.gz,31/05/2023 06:36:48,9.15952E+18,9.15952E+18,0,0,0,0,0,0
ipo_saturation_pb_20230530_1842.csv.gz,31/05/2023 06:36:48,9.1451E+18,9.1451E+18,0,5,0,0,0,0
ipo_saturation_pb_20230530_1842.csv.gz,31/05/2023 06:36:48,9.15345E+18,9.15345E+18,0,0,0,0,4,2
ipo_saturation_pb_20230530_1842.csv.gz,31/05/2023 06:36:48,9.15336E+18,9.15336E+18,0,0,0,0,6,0
ipo_saturation_pb_20230530_1842.csv.gz,31/05/2023 06:36:48,9.15849E+18,9.15849E+18,0,0,0,0,0,0
ipo_saturation_pb_20230530_1842.csv.gz,31/05/2023 06:36:48,9.13287E+18,9.13287E+18,0,5,0,0,1,17
ipo_saturation_pb_20230530_1842.csv.gz,31/05/2023 06:36:48,9.15712E+18,9.15712E+18,0,0,0,0,0,0
ipo_saturation_pb_20230530_1842.csv.gz,31/05/2023 06:36:48,9.14617E+18,9.14617E+18,0,18,0,0,0,0
ipo_saturation_pb_20230530_1842.csv.gz,31/05/2023 06:36:48,9.14152E+18,9.14152E+18,0,6,0,0,0,0
ipo_saturation_pb_20230530_1842.csv.gz,31/05/2023 06:36:48,9.14031E+18,9.1403E+18,0,12,0,0,0,0
ipo_saturation_pb_20230530_1842.csv.gz,31/05/2023 06:36:48,9.14816E+18,9.15381E+18,0,2,0,0,0,2
ipo_saturation_pb_20230530_1842.csv.gz,31/05/2023 06:36:48,9.16327E+18,9.16335E+18,0,47,0,0,0,0
ipo_saturation_pb_20230530_1842.csv.gz,31/05/2023 06:36:48,9.15216E+18,9.15215E+18,0,6,0,0,0,0
ipo_saturation_pb_20230530_1842.csv.gz,31/05/2023 06:36:48,9.16055E+18,9.16055E+18,0,0,0,0,0,0
ipo_saturation_pb_20230530_1842.csv.gz,31/05/2023 06:36:48,9.13722E+18,9.13721E+18,0,0,0,0,5,1
ipo_saturation_pb_20230530_1842.csv.gz,31/05/2023 06:36:48,9.15533E+18,9.15533E+18,0,0,0,0,5,1
ipo_saturation_pb_20230530_1842.csv.gz,31/05/2023 06:36:48,9.1564E+18,9.15639E+18,1,9,0,0,0,2
ipo_saturation_pb_20230530_1842.csv.gz,31/05/2023 06:36:48,9.15851E+18,9.15851E+18,0,0,0,0,0,0
ipo_saturation_pb_20230530_1842.csv.gz,31/05/2023 06:36:48,9.1562E+18,9.1562E+18,0,6,0,0,0,0
ipo_saturation_pb_20230530_1842.csv.gz,31/05/2023 06:36:48,9.14498E+18,9.14498E+18,0,12,0,0,0,0
ipo_saturation_pb_20230530_1842.csv.gz,31/05/2023 06:36:48,9.15089E+18,9.1509E+18,0,14,0,0,0,0
ipo_saturation_pb_20230530_1842.csv.gz,31/05/2023 06:36:48,9.15652E+18,9.15651E+18,0,0,0,0,3,3
ipo_saturation_pb_20230530_1842.csv.gz,31/05/2023 06:36:48,9.15065E+18,9.15065E+18,0,0,0,0,4,8
ipo_saturation_pb_20230530_1842.csv.gz,31/05/2023 06:36:48,9.14793E+18,9.14793E+18,0,6,0,0,0,0
ipo_saturation_pb_20230530_1842.csv.gz,31/05/2023 06:36:48,9.16594E+18,9.16593E+18,0,0,0,0,0,0
ipo_saturation_pb_20230530_1842.csv.gz,31/05/2023 06:36:48,9.16013E+18,9.16012E+18,0,0,0,0,0,6
ipo_saturation_pb_20230530_1842.csv.gz,31/05/2023 06:36:48,9.14612E+18,9.1521E+18,0,2,0,0,0,0
ipo_saturation_pb_20230530_1842.csv.gz,31/05/2023 06:36:48,9.14513E+18,,0,0,0,0,0,0
ipo_saturation_pb_20230530_1842.csv.gz,31/05/2023 06:36:48,9.16678E+18,9.16678E+18,0,0,0,0,0,0
ipo_saturation_pb_20230530_1842.csv.gz,31/05/2023 06:36:48,9.15867E+18,9.15867E+18,0,12,0,0,0,0
ipo_saturation_pb_20230530_1842.csv.gz,31/05/2023 06:36:48,9.14467E+18,9.14467E+18,0,6,0,0,0,0
ipo_saturation_pb_20230530_1842.csv.gz,31/05/2023 06:36:48,9.16015E+18,9.16015E+18,0,0,0,0,0,0
ipo_saturation_pb_20230530_1842.csv.gz,31/05/2023 06:36:48,8.03116E+18,8.03116E+18,0,8,0,0,0,4
ipo_saturation_pb_20230530_1842.csv.gz,31/05/2023 06:36:48,9.16559E+18,,0,0,0,0,0,0
ipo_saturation_pb_20230530_1842.csv.gz,31/05/2023 06:36:48,9.15634E+18,9.15634E+18,0,0,0,0,9,3
ipo_saturation_pb_20230530_1842.csv.gz,31/05/2023 06:36:48,9.15947E+18,9.15947E+18,0,0,0,0,1,5
ipo_saturation_pb_20230530_1842.csv.gz,31/05/2023 06:36:48,9.14164E+18,9.14688E+18,0,4,0,0,0,0
ipo_saturation_pb_20230530_1842.csv.gz,31/05/2023 06:36:48,9.14853E+18,9.14853E+18,0,0,0,0,3,3
ipo_saturation_pb_20230530_1842.csv.gz,31/05/2023 06:36:48,9.148E+18,9.148E+18,0,6,0,0,0,0
ipo_saturation_pb_20230530_1842.csv.gz,31/05/2023 06:36:48,9.16638E+18,9.16638E+18,0,0,0,0,0,0
ipo_saturation_pb_20230530_1842.csv.gz,31/05/2023 06:36:48,9.14642E+18,9.14818E+18,0,2,0,0,0,0
ipo_saturation_pb_20230530_1842.csv.gz,31/05/2023 06:36:48,9.16558E+18,9.16558E+18,0,0,0,0,2,4
ipo_saturation_pb_20230530_1842.csv.gz,31/05/2023 06:36:48,8.05023E+18,8.05023E+18,0,6,0,0,0,0
ipo_saturation_pb_20230530_1842.csv.gz,31/05/2023 06:36:48,9.16598E+18,9.16598E+18,0,0,0,0,0,0
ipo_saturation_pb_20230530_1842.csv.gz,31/05/2023 06:36:48,9.13317E+18,9.13317E+18,0,6,0,0,2,16
ipo_saturation_pb_20230530_1842.csv.gz,31/05/2023 06:36:48,9.15132E+18,9.15132E+18,0,12,0,0,0,0
ipo_saturation_pb_20230530_1842.csv.gz,31/05/2023 06:36:48,9.14811E+18,9.14811E+18,0,12,0,0,0,0
ipo_saturation_pb_20230530_1842.csv.gz,31/05/2023 06:36:48,9.1492E+18,9.14775E+18,0,0,0,0,4,2
ipo_saturation_pb_20230530_1842.csv.gz,31/05/2023 06:36:48,9.14684E+18,,0,0,0,0,0,0
ipo_saturation_pb_20230530_1842.csv.gz,31/05/2023 06:36:48,9.14314E+18,9.1431E+18,0,6,0,0,0,0
ipo_saturation_pb_20230530_1842.csv.gz,31/05/2023 06:36:48,9.1556E+18,9.1556E+18,0,5,1,0,0,0
ipo_saturation_pb_20230530_1842.csv.gz,31/05/2023 06:36:48,9.14594E+18,9.14594E+18,0,7,1,0,1,23
ipo_saturation_pb_20230530_1842.csv.gz,31/05/2023 06:36:48,8.10096E+18,8.10094E+18,0,11,1,0,0,0
ipo_saturation_pb_20230530_1842.csv.gz,31/05/2023 06:36:48,9.16093E+18,9.16091E+18,0,5,1,0,0,0
ipo_saturation_pb_20230530_1842.csv.gz,31/05/2023 06:36:48,9.15691E+18,9.15691E+18,0,11,1,0,0,0
ipo_saturation_pb_20230530_1842.csv.gz,31/05/2023 06:36:48,9.14714E+18,9.14714E+18,0,11,1,0,0,0
ipo_saturation_pb_20230530_1842.csv.gz,31/05/2023 06:36:48,9.14335E+18,9.14335E+18,0,5,1,0,0,0
ipo_saturation_pb_20230530_1842.csv.gz,31/05/2023 06:36:48,9.15119E+18,9.15119E+18,1,4,1,0,0,0
ipo_saturation_pb_20230530_1842.csv.gz,31/05/2023 06:36:48,9.15321E+18,9.1532E+18,0,11,1,0,0,0
ipo_saturation_pb_20230530_1842.csv.gz,31/05/2023 06:36:48,9.15234E+18,9.15234E+18,0,11,1,0,0,0
ipo_saturation_pb_20230530_1842.csv.gz,31/05/2023 06:36:48,9.15741E+18,9.15741E+18,0,5,1,0,0,0
ipo_saturation_pb_20230530_1842.csv.gz,31/05/2023 06:36:48,9.15136E+18,9.15136E+18,0,5,1,0,0,0
ipo_saturation_pb_20230530_1842.csv.gz,31/05/2023 06:36:48,9.15709E+18,9.15709E+18,0,3,1,0,0,0
ipo_saturation_pb_20230530_1842.csv.gz,31/05/2023 06:36:48,9.12779E+18,9.12779E+18,0,6,1,0,2,19
ipo_saturation_pb_20230530_1842.csv.gz,31/05/2023 06:36:48,9.14756E+18,9.14756E+18,0,4,1,0,0,6
ipo_saturation_pb_20230530_1842.csv.gz,31/05/2023 06:36:48,9.14915E+18,9.14914E+18,0,2,1,1,0,8
ipo_saturation_pb_20230530_1842.csv.gz,31/05/2023 06:36:48,9.13836E+18,9.13836E+18,0,7,1,0,3,21
ipo_saturation_pb_20230530_1842.csv.gz,31/05/2023 06:36:48,8.01118E+18,7.09146E+18,0,9,1,0,0,2
ipo_saturation_pb_20230530_1842.csv.gz,31/05/2023 06:36:48,9.03196E+18,9.02264E+18,0,11,1,0,0,0
ipo_saturation_pb_20230530_1842.csv.gz,31/05/2023 06:36:48,9.15162E+18,9.15162E+18,1,3,1,0,0,0
ipo_saturation_pb_20230530_1842.csv.gz,31/05/2023 06:36:48,9.13198E+18,9.13198E+18,0,7,1,0,2,22
ipo_saturation_pb_20230530_1842.csv.gz,31/05/2023 06:36:48,9.1408E+18,9.1408E+18,0,5,1,0,0,0
ipo_saturation_pb_20230530_1842.csv.gz,31/05/2023 06:36:48,9.1412E+18,9.1412E+18,0,5,1,0,5,1
ipo_saturation_pb_20230530_1842.csv.gz,31/05/2023 06:36:48,9.16E+18,9.15988E+18,0,0,1,0,0,0
ipo_saturation_pb_20230530_1842.csv.gz,31/05/2023 06:36:48,9.14074E+18,9.14074E+18,0,3,1,0,2,10
ipo_saturation_pb_20230530_1842.csv.gz,31/05/2023 06:36:48,9.15361E+18,9.15361E+18,0,5,1,0,0,0
ipo_saturation_pb_20230530_1842.csv.gz,31/05/2023 06:36:48,9.14991E+18,9.14991E+18,0,7,1,0,4,20
ipo_saturation_pb_20230530_1842.csv.gz,31/05/2023 06:36:48,9.15801E+18,9.15801E+18,0,5,1,0,0,0
ipo_saturation_pb_20230530_1842.csv.gz,31/05/2023 06:36:48,9.14713E+18,9.14713E+18,0,3,1,0,1,11
ipo_saturation_pb_20230530_1842.csv.gz,31/05/2023 06:36:48,9.13305E+18,9.13305E+18,0,4,1,0,1,14
ipo_saturation_pb_20230530_1842.csv.gz,31/05/2023 06:36:48,9.154E+18,9.154E+18,0,5,1,0,0,0
ipo_saturation_pb_20230530_1842.csv.gz,31/05/2023 06:36:48,9.12774E+18,9.12774E+18,0,7,1,0,1,23
ipo_saturation_pb_20230530_1842.csv.gz,31/05/2023 06:36:48,9.14943E+18,9.14943E+18,0,5,1,0,0,0
ipo_saturation_pb_20230530_1842.csv.gz,31/05/2023 06:36:48,9.13597E+18,9.13219E+18,0,5,1,0,0,18
ipo_saturation_pb_20230530_1842.csv.gz,31/05/2023 06:36:48,9.14616E+18,9.14616E+18,0,5,1,0,0,0
ipo_saturation_pb_20230530_1842.csv.gz,31/05/2023 06:36:48,9.15475E+18,9.15475E+18,0,5,1,0,0,0
ipo_saturation_pb_20230530_1842.csv.gz,31/05/2023 06:36:48,9.14031E+18,9.14031E+18,0,5,1,0,0,0
ipo_saturation_pb_20230530_1842.csv.gz,31/05/2023 06:36:48,9.14032E+18,9.14032E+18,0,7,1,0,5,19
ipo_saturation_pb_20230530_1842.csv.gz,31/05/2023 06:36:48,9.14582E+18,9.14619E+18,0,6,1,0,2,19
ipo_saturation_pb_20230530_1842.csv.gz,31/05/2023 06:36:48,9.15148E+18,9.15148E+18,0,5,1,0,0,0
ipo_saturation_pb_20230530_1842.csv.gz,31/05/2023 06:36:48,9.16098E+18,9.16134E+18,0,123,1,0,0,87
ipo_saturation_pb_20230530_1842.csv.gz,31/05/2023 06:36:48,9.15064E+18,9.15064E+18,0,5,1,0,0,0
ipo_saturation_pb_20230530_1842.csv.gz,31/05/2023 06:36:48,9.13812E+18,9.13812E+18,0,7,1,0,2,22
ipo_saturation_pb_20230530_1842.csv.gz,31/05/2023 06:36:48,8.08143E+18,8.08143E+18,0,10,1,0,0,1
ipo_saturation_pb_20230530_1842.csv.gz,31/05/2023 06:36:48,9.1408E+18,9.1408E+18,0,5,1,0,1,17
ipo_saturation_pb_20230530_1842.csv.gz,31/05/2023 06:36:48,9.15596E+18,9.15596E+18,0,5,1,0,0,0
ipo_saturation_pb_20230530_1842.csv.gz,31/05/2023 06:36:48,9.15715E+18,9.15715E+18,0,1,1,0,0,0
ipo_saturation_pb_20230530_1842.csv.gz,31/05/2023 06:36:48,9.13657E+18,9.13657E+18,0,5,1,0,2,16
ipo_saturation_pb_20230530_1842.csv.gz,31/05/2023 06:36:48,9.15318E+18,9.15318E+18,1,4,1,0,0,0
ipo_saturation_pb_20230530_1842.csv.gz,31/05/2023 06:36:48,9.16544E+18,9.16581E+18,0,28,1,0,0,0
ipo_saturation_pb_20230530_1842.csv.gz,31/05/2023 06:36:48,9.16602E+18,9.16601E+18,0,4,1,0,0,0
ipo_saturation_pb_20230530_1842.csv.gz,31/05/2023 06:36:48,9.14983E+18,9.14982E+18,0,5,1,0,0,0
ipo_saturation_pb_20230530_1842.csv.gz,31/05/2023 06:36:48,9.15628E+18,9.15628E+18,0,5,1,0,0,0
ipo_saturation_pb_20230530_1842.csv.gz,31/05/2023 06:36:48,9.13759E+18,9.13759E+18,0,5,1,0,0,0
ipo_saturation_pb_20230530_1842.csv.gz,31/05/2023 06:36:48,9.13451E+18,9.13451E+18,0,10,1,0,7,26
ipo_saturation_pb_20230530_1842.csv.gz,31/05/2023 06:36:48,9.15007E+18,9.15007E+18,2,3,1,0,0,0
ipo_saturation_pb_20230530_1842.csv.gz,31/05/2023 06:36:48,9.14732E+18,9.14732E+18,0,5,1,0,3,15
ipo_saturation_pb_20230530_1842.csv.gz,31/05/2023 06:36:48,9.14901E+18,9.14895E+18,1,10,1,0,0,0
ipo_saturation_pb_20230530_1842.csv.gz,31/05/2023 06:36:48,9.1576E+18,9.1576E+18,0,5,1,0,0,0
ipo_saturation_pb_20230530_1842.csv.gz,31/05/2023 06:36:48,9.13256E+18,9.13256E+18,0,7,1,0,4,20
ipo_saturation_pb_20230530_1842.csv.gz,31/05/2023 06:36:48,9.15803E+18,9.15802E+18,0,11,1,0,0,0
ipo_saturation_pb_20230530_1842.csv.gz,31/05/2023 06:36:48,9.14791E+18,9.14789E+18,0,5,1,0,0,0
ipo_saturation_pb_20230530_1842.csv.gz,31/05/2023 06:36:48,9.14133E+18,9.14139E+18,0,17,1,0,0,0
ipo_saturation_pb_20230530_1842.csv.gz,31/05/2023 06:36:48,9.1475E+18,9.1475E+18,0,5,1,0,0,0
ipo_saturation_pb_20230530_1842.csv.gz,31/05/2023 06:36:48,9.14171E+18,9.14171E+18,0,5,1,0,2,16
ipo_saturation_pb_20230530_1842.csv.gz,31/05/2023 06:36:48,9.14722E+18,9.14722E+18,0,5,1,0,3,3
ipo_saturation_pb_20230530_1842.csv.gz,31/05/2023 06:36:48,9.15679E+18,9.15679E+18,0,5,1,0,0,0
ipo_saturation_pb_20230530_1842.csv.gz,31/05/2023 06:36:48,9.14538E+18,9.14538E+18,0,5,1,0,0,0
ipo_saturation_pb_20230530_1842.csv.gz,31/05/2023 06:36:48,9.15252E+18,9.15252E+18,0,5,1,0,0,0
ipo_saturation_pb_20230530_1842.csv.gz,31/05/2023 06:36:48,9.13482E+18,9.13482E+18,0,5,1,0,1,17
ipo_saturation_pb_20230530_1842.csv.gz,31/05/2023 06:36:48,9.15132E+18,9.15125E+18,1,4,1,0,0,0
ipo_saturation_pb_20230530_1842.csv.gz,31/05/2023 06:36:48,9.12779E+18,9.1276E+18,0,4,1,0,1,14
ipo_saturation_pb_20230530_1842.csv.gz,31/05/2023 06:36:48,9.14007E+18,9.14007E+18,0,7,1,0,4,20
ipo_saturation_pb_20230530_1842.csv.gz,31/05/2023 06:36:48,9.14371E+18,9.14371E+18,0,4,1,0,2,13
ipo_saturation_pb_20230530_1842.csv.gz,31/05/2023 06:36:48,9.15427E+18,9.15427E+18,0,7,1,0,3,21
ipo_saturation_pb_20230530_1842.csv.gz,31/05/2023 06:36:48,9.15573E+18,9.15573E+18,0,11,1,0,0,0
ipo_saturation_pb_20230530_1842.csv.gz,31/05/2023 06:36:48,9.16075E+18,9.16075E+18,1,9,1,0,0,0
ipo_saturation_pb_20230530_1842.csv.gz,31/05/2023 06:36:48,9.16043E+18,9.16043E+18,0,5,1,0,0,0
ipo_saturation_pb_20230530_1842.csv.gz,31/05/2023 06:36:48,9.15567E+18,9.15567E+18,0,1,2,0,0,0
ipo_saturation_pb_20230530_1842.csv.gz,31/05/2023 06:36:48,9.15579E+18,9.15579E+18,1,3,2,0,0,0
ipo_saturation_pb_20230530_1842.csv.gz,31/05/2023 06:36:48,9.13802E+18,9.13801E+18,0,4,2,0,1,17
ipo_saturation_pb_20230530_1842.csv.gz,31/05/2023 06:36:48,9.14562E+18,9.14562E+18,0,4,2,0,2,16
ipo_saturation_pb_20230530_1842.csv.gz,31/05/2023 06:36:48,9.16007E+18,9.16007E+18,0,4,2,0,0,0
ipo_saturation_pb_20230530_1842.csv.gz,31/05/2023 06:36:48,9.16412E+18,9.16412E+18,0,4,2,0,0,0
ipo_saturation_pb_20230530_1842.csv.gz,31/05/2023 06:36:48,9.14164E+18,9.14164E+18,0,10,2,0,0,0
ipo_saturation_pb_20230530_1842.csv.gz,31/05/2023 06:36:48,9.15211E+18,9.15211E+18,0,4,2,0,0,0
ipo_saturation_pb_20230530_1842.csv.gz,31/05/2023 06:36:48,9.15628E+18,9.15627E+18,0,10,2,0,0,0
ipo_saturation_pb_20230530_1842.csv.gz,31/05/2023 06:36:48,9.14697E+18,9.14696E+18,0,4,2,0,0,0
ipo_saturation_pb_20230530_1842.csv.gz,31/05/2023 06:36:48,9.15405E+18,9.15405E+18,1,3,2,0,0,0
ipo_saturation_pb_20230530_1842.csv.gz,31/05/2023 06:36:48,9.12735E+18,9.12735E+18,0,4,2,0,3,15
ipo_saturation_pb_20230530_1842.csv.gz,31/05/2023 06:36:48,9.14842E+18,9.14842E+18,0,10,2,0,0,0
ipo_saturation_pb_20230530_1842.csv.gz,31/05/2023 06:36:48,9.16091E+18,9.1609E+18,0,4,2,0,0,0
ipo_saturation_pb_20230530_1842.csv.gz,31/05/2023 06:36:48,9.15302E+18,9.15302E+18,0,4,2,0,0,0
ipo_saturation_pb_20230530_1842.csv.gz,31/05/2023 06:36:48,9.14799E+18,9.14799E+18,0,6,2,0,5,19
ipo_saturation_pb_20230530_1842.csv.gz,31/05/2023 06:36:48,9.14327E+18,9.1431E+18,0,10,2,0,0,0
ipo_saturation_pb_20230530_1842.csv.gz,31/05/2023 06:36:48,9.15584E+18,9.15584E+18,0,4,2,0,0,0
ipo_saturation_pb_20230530_1842.csv.gz,31/05/2023 06:36:48,9.149E+18,9.149E+18,1,3,2,0,0,0
ipo_saturation_pb_20230530_1842.csv.gz,31/05/2023 06:36:48,9.1454E+18,9.1454E+18,0,10,2,0,0,0
ipo_saturation_pb_20230530_1842.csv.gz,31/05/2023 06:36:48,9.15807E+18,9.15807E+18,0,4,2,0,0,0
ipo_saturation_pb_20230530_1842.csv.gz,31/05/2023 06:36:48,9.15566E+18,9.15566E+18,0,2,2,0,1,11
ipo_saturation_pb_20230530_1842.csv.gz,31/05/2023 06:36:48,9.15861E+18,9.15861E+18,0,4,2,0,0,0
ipo_saturation_pb_20230530_1842.csv.gz,31/05/2023 06:36:48,9.15886E+18,9.15886E+18,0,4,2,0,0,0
ipo_saturation_pb_20230530_1842.csv.gz,31/05/2023 06:36:48,9.13882E+18,9.13882E+18,0,3,2,0,2,13
ipo_saturation_pb_20230530_1842.csv.gz,31/05/2023 06:36:48,9.15616E+18,9.15616E+18,0,4,2,0,0,0
ipo_saturation_pb_20230530_1842.csv.gz,31/05/2023 06:36:48,9.15494E+18,9.15494E+18,0,10,2,0,0,0
ipo_saturation_pb_20230530_1842.csv.gz,31/05/2023 06:36:48,9.15496E+18,9.15496E+18,0,4,2,0,0,0
ipo_saturation_pb_20230530_1842.csv.gz,31/05/2023 06:36:48,9.13899E+18,9.13899E+18,0,10,2,0,0,0
ipo_saturation_pb_20230530_1842.csv.gz,31/05/2023 06:36:48,9.15592E+18,9.15592E+18,0,4,2,0,0,0
ipo_saturation_pb_20230530_1842.csv.gz,31/05/2023 06:36:48,9.15584E+18,9.15584E+18,0,4,2,0,0,0
ipo_saturation_pb_20230530_1842.csv.gz,31/05/2023 06:36:48,9.15541E+18,9.1554E+18,0,4,2,0,0,0
ipo_saturation_pb_20230530_1842.csv.gz,31/05/2023 06:36:48,9.15488E+18,9.15488E+18,0,4,2,0,0,0
ipo_saturation_pb_20230530_1842.csv.gz,31/05/2023 06:36:48,9.15568E+18,9.15568E+18,0,4,2,0,0,0
ipo_saturation_pb_20230530_1842.csv.gz,31/05/2023 06:36:48,9.1579E+18,9.15788E+18,0,0,2,0,0,4
ipo_saturation_pb_20230530_1842.csv.gz,31/05/2023 06:36:48,9.15797E+18,9.15797E+18,0,4,2,0,0,0
ipo_saturation_pb_20230530_1842.csv.gz,31/05/2023 06:36:48,9.15266E+18,9.15266E+18,0,10,2,0,0,0
ipo_saturation_pb_20230530_1842.csv.gz,31/05/2023 06:36:48,9.14448E+18,9.14448E+18,0,4,2,0,0,0
ipo_saturation_pb_20230530_1842.csv.gz,31/05/2023 06:36:48,9.15186E+18,9.15185E+18,0,4,2,0,0,0
ipo_saturation_pb_20230530_1842.csv.gz,31/05/2023 06:36:48,9.14668E+18,9.14668E+18,0,4,2,0,0,0
ipo_saturation_pb_20230530_1842.csv.gz,31/05/2023 06:36:48,9.15042E+18,9.15042E+18,0,4,2,0,0,0
ipo_saturation_pb_20230530_1842.csv.gz,31/05/2023 06:36:48,9.15843E+18,9.15843E+18,0,0,2,0,0,0
ipo_saturation_pb_20230530_1842.csv.gz,31/05/2023 06:36:48,9.15168E+18,9.15168E+18,0,4,2,0,0,0
ipo_saturation_pb_20230530_1842.csv.gz,31/05/2023 06:36:48,9.15632E+18,9.15632E+18,1,3,2,0,0,0
ipo_saturation_pb_20230530_1842.csv.gz,31/05/2023 06:36:48,9.13342E+18,9.13342E+18,0,6,2,0,1,23
ipo_saturation_pb_20230530_1842.csv.gz,31/05/2023 06:36:48,9.15551E+18,9.1555E+18,0,4,2,0,4,14
ipo_saturation_pb_20230530_1842.csv.gz,31/05/2023 06:36:48,9.14454E+18,9.14454E+18,0,4,2,0,0,0
ipo_saturation_pb_20230530_1842.csv.gz,31/05/2023 06:36:48,9.15427E+18,9.15427E+18,0,4,2,0,0,0
ipo_saturation_pb_20230530_1842.csv.gz,31/05/2023 06:36:48,9.157E+18,9.157E+18,0,4,2,0,0,0
ipo_saturation_pb_20230530_1842.csv.gz,31/05/2023 06:36:48,9.1565E+18,9.1565E+18,0,10,2,0,0,0
ipo_saturation_pb_20230530_1842.csv.gz,31/05/2023 06:36:48,9.14058E+18,9.14058E+18,0,4,2,0,0,0
ipo_saturation_pb_20230530_1842.csv.gz,31/05/2023 06:36:48,9.13509E+18,9.13509E+18,0,10,2,0,0,0
ipo_saturation_pb_20230530_1842.csv.gz,31/05/2023 06:36:48,9.15484E+18,9.15484E+18,0,4,2,0,0,0
ipo_saturation_pb_20230530_1842.csv.gz,31/05/2023 06:36:48,9.14903E+18,9.14903E+18,0,3,2,0,0,0
ipo_saturation_pb_20230530_1842.csv.gz,31/05/2023 06:36:48,9.14835E+18,9.14835E+18,0,3,2,0,0,0
ipo_saturation_pb_20230530_1842.csv.gz,31/05/2023 06:36:48,9.15514E+18,9.15514E+18,0,4,2,0,0,0
ipo_saturation_pb_20230530_1842.csv.gz,31/05/2023 06:36:48,9.15287E+18,9.15287E+18,0,3,2,0,0,0
ipo_saturation_pb_20230530_1842.csv.gz,31/05/2023 06:36:48,9.15565E+18,9.15565E+18,0,3,2,0,0,0
ipo_saturation_pb_20230530_1842.csv.gz,31/05/2023 06:36:48,9.16018E+18,9.16018E+18,0,4,2,0,0,0
ipo_saturation_pb_20230530_1842.csv.gz,31/05/2023 06:36:48,9.15134E+18,9.15134E+18,0,10,2,0,0,0
ipo_saturation_pb_20230530_1842.csv.gz,31/05/2023 06:36:48,9.16267E+18,9.163E+18,0,69,2,0,0,0
ipo_saturation_pb_20230530_1842.csv.gz,31/05/2023 06:36:48,9.15548E+18,9.15548E+18,0,4,2,0,4,2
ipo_saturation_pb_20230530_1842.csv.gz,31/05/2023 06:36:48,9.14147E+18,9.14147E+18,0,3,2,0,4,11
ipo_saturation_pb_20230530_1842.csv.gz,31/05/2023 06:36:48,9.15566E+18,9.15566E+18,0,4,2,0,0,0
ipo_saturation_pb_20230530_1842.csv.gz,31/05/2023 06:36:48,9.15416E+18,9.15416E+18,1,3,2,0,0,0
ipo_saturation_pb_20230530_1842.csv.gz,31/05/2023 06:36:48,9.15713E+18,9.15713E+18,0,4,2,0,0,0
ipo_saturation_pb_20230530_1842.csv.gz,31/05/2023 06:36:48,9.14175E+18,9.14175E+18,0,2,2,0,3,9
ipo_saturation_pb_20230530_1842.csv.gz,31/05/2023 06:36:48,9.15566E+18,9.15566E+18,0,4,2,0,0,0
ipo_saturation_pb_20230530_1842.csv.gz,31/05/2023 06:36:48,9.15427E+18,9.15427E+18,0,4,2,0,0,0
ipo_saturation_pb_20230530_1842.csv.gz,31/05/2023 06:36:48,9.16098E+18,9.16032E+18,0,3,2,0,0,0
ipo_saturation_pb_20230530_1842.csv.gz,31/05/2023 06:36:48,9.15223E+18,9.15223E+18,0,4,2,0,0,0
ipo_saturation_pb_20230530_1842.csv.gz,31/05/2023 06:36:48,9.15055E+18,9.15054E+18,0,4,2,0,0,0
ipo_saturation_pb_20230530_1842.csv.gz,31/05/2023 06:36:48,9.15849E+18,9.15849E+18,0,0,2,0,0,6
ipo_saturation_pb_20230530_1842.csv.gz,31/05/2023 06:36:48,9.15338E+18,9.15338E+18,0,4,2,0,0,0
ipo_saturation_pb_20230530_1842.csv.gz,31/05/2023 06:36:48,9.14934E+18,9.14933E+18,0,6,2,0,3,21
ipo_saturation_pb_20230530_1842.csv.gz,31/05/2023 06:36:48,9.12627E+18,9.12627E+18,0,2,2,0,2,10
ipo_saturation_pb_20230530_1842.csv.gz,31/05/2023 06:36:48,9.15675E+18,9.15675E+18,0,4,2,0,0,0
ipo_saturation_pb_20230530_1842.csv.gz,31/05/2023 06:36:48,9.13161E+18,9.13161E+18,0,4,2,0,2,16
ipo_saturation_pb_20230530_1842.csv.gz,31/05/2023 06:36:48,9.15434E+18,9.1603E+18,0,4,2,0,0,0
ipo_saturation_pb_20230530_1842.csv.gz,31/05/2023 06:36:48,9.14885E+18,9.14885E+18,0,10,2,0,0,0
ipo_saturation_pb_20230530_1842.csv.gz,31/05/2023 06:36:48,9.14655E+18,9.14655E+18,0,4,2,0,0,0
ipo_saturation_pb_20230530_1842.csv.gz,31/05/2023 06:36:48,9.14381E+18,9.14381E+18,0,3,2,0,0,0
ipo_saturation_pb_20230530_1842.csv.gz,31/05/2023 06:36:48,9.15267E+18,9.15266E+18,1,6,2,0,0,0
ipo_saturation_pb_20230530_1842.csv.gz,31/05/2023 06:36:48,9.15284E+18,9.15283E+18,0,10,2,0,0,0
ipo_saturation_pb_20230530_1842.csv.gz,31/05/2023 06:36:48,9.14332E+18,9.14332E+18,0,2,2,0,2,10
ipo_saturation_pb_20230530_1842.csv.gz,31/05/2023 06:36:48,9.14993E+18,9.14993E+18,0,3,2,0,1,14
ipo_saturation_pb_20230530_1842.csv.gz,31/05/2023 06:36:48,9.13299E+18,9.13299E+18,0,5,2,0,2,19
ipo_saturation_pb_20230530_1842.csv.gz,31/05/2023 06:36:48,9.15766E+18,9.15764E+18,0,1,2,0,0,0
ipo_saturation_pb_20230530_1842.csv.gz,31/05/2023 06:36:48,9.16545E+18,9.16545E+18,0,0,2,0,0,6
ipo_saturation_pb_20230530_1842.csv.gz,31/05/2023 06:36:48,9.14854E+18,9.14854E+18,0,9,3,0,0,0
ipo_saturation_pb_20230530_1842.csv.gz,31/05/2023 06:36:48,9.142E+18,9.142E+18,0,9,3,0,0,0
ipo_saturation_pb_20230530_1842.csv.gz,31/05/2023 06:36:48,9.15691E+18,9.15691E+18,1,8,3,0,0,0
ipo_saturation_pb_20230530_1842.csv.gz,31/05/2023 06:36:48,9.12742E+18,9.12742E+18,0,4,3,0,1,20
ipo_saturation_pb_20230530_1842.csv.gz,31/05/2023 06:36:48,9.15669E+18,9.15662E+18,0,8,3,0,0,0
ipo_saturation_pb_20230530_1842.csv.gz,31/05/2023 06:36:48,9.16438E+18,9.16541E+18,0,66,3,0,0,0
ipo_saturation_pb_20230530_1842.csv.gz,31/05/2023 06:36:48,9.15696E+18,9.15696E+18,1,8,3,0,0,0
ipo_saturation_pb_20230530_1842.csv.gz,31/05/2023 06:36:48,9.1626E+18,9.1626E+18,0,0,3,0,0,0
ipo_saturation_pb_20230530_1842.csv.gz,31/05/2023 06:36:48,9.131E+18,9.131E+18,0,3,3,0,3,15
ipo_saturation_pb_20230530_1842.csv.gz,31/05/2023 06:36:48,9.15674E+18,9.15674E+18,0,8,3,0,0,0
ipo_saturation_pb_20230530_1842.csv.gz,31/05/2023 06:36:48,9.15671E+18,9.15659E+18,0,3,3,0,0,0
ipo_saturation_pb_20230530_1842.csv.gz,31/05/2023 06:36:48,9.13547E+18,9.13547E+18,0,4,3,0,1,20
ipo_saturation_pb_20230530_1842.csv.gz,31/05/2023 06:36:48,9.15954E+18,9.15954E+18,0,3,3,0,0,0
ipo_saturation_pb_20230530_1842.csv.gz,31/05/2023 06:36:48,9.15445E+18,9.15445E+18,0,9,3,0,0,0
ipo_saturation_pb_20230530_1842.csv.gz,31/05/2023 06:36:48,9.15615E+18,9.15615E+18,0,3,3,0,0,0
ipo_saturation_pb_20230530_1842.csv.gz,31/05/2023 06:36:48,9.14114E+18,9.14114E+18,1,8,3,0,0,0
ipo_saturation_pb_20230530_1842.csv.gz,31/05/2023 06:36:48,9.15721E+18,9.15721E+18,0,3,3,0,0,0
ipo_saturation_pb_20230530_1842.csv.gz,31/05/2023 06:36:48,9.14828E+18,9.14825E+18,0,4,3,0,3,18
ipo_saturation_pb_20230530_1842.csv.gz,31/05/2023 06:36:48,9.14662E+18,9.14662E+18,0,3,3,0,6,0
ipo_saturation_pb_20230530_1842.csv.gz,31/05/2023 06:36:48,9.15246E+18,9.15246E+18,0,5,3,0,0,0
ipo_saturation_pb_20230530_1842.csv.gz,31/05/2023 06:36:48,9.14172E+18,9.14172E+18,0,3,3,0,0,0
ipo_saturation_pb_20230530_1842.csv.gz,31/05/2023 06:36:48,9.1495E+18,9.14946E+18,0,3,3,0,0,0
ipo_saturation_pb_20230530_1842.csv.gz,31/05/2023 06:36:48,9.15465E+18,9.15465E+18,0,3,3,0,0,0
ipo_saturation_pb_20230530_1842.csv.gz,31/05/2023 06:36:48,9.1571E+18,9.1571E+18,0,3,3,0,0,0
ipo_saturation_pb_20230530_1842.csv.gz,31/05/2023 06:36:48,9.144E+18,9.144E+18,0,1,3,0,1,11
ipo_saturation_pb_20230530_1842.csv.gz,31/05/2023 06:36:48,9.1371E+18,9.1371E+18,0,3,3,0,3,15
ipo_saturation_pb_20230530_1842.csv.gz,31/05/2023 06:36:48,9.12646E+18,9.12639E+18,0,1,3,0,0,12
ipo_saturation_pb_20230530_1842.csv.gz,31/05/2023 06:36:48,9.15603E+18,9.15603E+18,0,3,3,0,0,0
ipo_saturation_pb_20230530_1842.csv.gz,31/05/2023 06:36:48,9.14504E+18,9.14504E+18,0,3,3,0,0,0
ipo_saturation_pb_20230530_1842.csv.gz,31/05/2023 06:36:48,9.13324E+18,9.13324E+18,0,2,3,0,0,15
ipo_saturation_pb_20230530_1842.csv.gz,31/05/2023 06:36:48,9.1498E+18,9.1498E+18,0,3,3,0,0,0
ipo_saturation_pb_20230530_1842.csv.gz,31/05/2023 06:36:48,9.14962E+18,9.14962E+18,0,3,3,0,0,0
ipo_saturation_pb_20230530_1842.csv.gz,31/05/2023 06:36:48,9.14816E+18,9.14816E+18,0,9,3,0,0,0
ipo_saturation_pb_20230530_1842.csv.gz,31/05/2023 06:36:48,9.15084E+18,9.15084E+18,0,3,3,0,0,0
ipo_saturation_pb_20230530_1842.csv.gz,31/05/2023 06:36:48,9.15628E+18,9.15628E+18,0,3,3,0,0,0
ipo_saturation_pb_20230530_1842.csv.gz,31/05/2023 06:36:48,9.15628E+18,9.15628E+18,0,3,3,0,0,0
ipo_saturation_pb_20230530_1842.csv.gz,31/05/2023 06:36:48,9.15633E+18,9.15632E+18,1,8,3,0,0,0
ipo_saturation_pb_20230530_1842.csv.gz,31/05/2023 06:36:48,9.15332E+18,9.15332E+18,2,6,3,0,0,0
ipo_saturation_pb_20230530_1842.csv.gz,31/05/2023 06:36:48,9.15624E+18,9.15624E+18,0,9,3,0,0,0
ipo_saturation_pb_20230530_1842.csv.gz,31/05/2023 06:36:48,9.15553E+18,9.15553E+18,0,3,3,0,0,0
ipo_saturation_pb_20230530_1842.csv.gz,31/05/2023 06:36:48,9.15573E+18,9.1559E+18,0,33,3,0,0,0
ipo_saturation_pb_20230530_1842.csv.gz,31/05/2023 06:36:48,9.15302E+18,9.15302E+18,0,3,3,0,0,0
ipo_saturation_pb_20230530_1842.csv.gz,31/05/2023 06:36:48,9.15565E+18,9.15565E+18,0,0,3,0,0,0
ipo_saturation_pb_20230530_1842.csv.gz,31/05/2023 06:36:48,9.15147E+18,9.15147E+18,0,9,3,0,0,0
ipo_saturation_pb_20230530_1842.csv.gz,31/05/2023 06:36:48,9.14805E+18,9.14807E+18,0,3,3,0,0,0
ipo_saturation_pb_20230530_1842.csv.gz,31/05/2023 06:36:48,9.15415E+18,9.15415E+18,0,9,3,0,0,0
ipo_saturation_pb_20230530_1842.csv.gz,31/05/2023 06:36:48,9.15564E+18,9.15563E+18,0,3,3,0,0,0
ipo_saturation_pb_20230530_1842.csv.gz,31/05/2023 06:36:48,9.14126E+18,9.14126E+18,0,5,3,0,6,18
ipo_saturation_pb_20230530_1842.csv.gz,31/05/2023 06:36:48,9.15402E+18,9.15402E+18,0,3,3,0,0,0
ipo_saturation_pb_20230530_1842.csv.gz,31/05/2023 06:36:48,9.14417E+18,9.14417E+18,0,3,3,0,0,0
ipo_saturation_pb_20230530_1842.csv.gz,31/05/2023 06:36:48,9.1445E+18,9.1445E+18,0,1,3,0,0,12
ipo_saturation_pb_20230530_1842.csv.gz,31/05/2023 06:36:48,9.15019E+18,9.15003E+18,0,6,3,0,0,0
ipo_saturation_pb_20230530_1842.csv.gz,31/05/2023 06:36:48,9.12574E+18,9.12573E+18,0,5,3,0,2,22
ipo_saturation_pb_20230530_1842.csv.gz,31/05/2023 06:36:48,9.1487E+18,9.1487E+18,0,9,3,0,0,0
ipo_saturation_pb_20230530_1842.csv.gz,31/05/2023 06:36:48,9.16325E+18,9.1631E+18,0,3,3,0,0,0
ipo_saturation_pb_20230530_1842.csv.gz,31/05/2023 06:36:48,9.15575E+18,9.15574E+18,0,3,3,0,0,0
ipo_saturation_pb_20230530_1842.csv.gz,31/05/2023 06:36:48,9.15682E+18,9.15682E+18,0,9,3,0,0,0
ipo_saturation_pb_20230530_1842.csv.gz,31/05/2023 06:36:48,9.15593E+18,9.15593E+18,0,8,3,0,0,0
ipo_saturation_pb_20230530_1842.csv.gz,31/05/2023 06:36:48,9.16169E+18,9.16169E+18,0,3,3,0,0,0
ipo_saturation_pb_20230530_1842.csv.gz,31/05/2023 06:36:48,9.15942E+18,9.15942E+18,0,3,3,0,0,0